ID1,ID,Province,DISTRICT,LONGITUDE,LATITUDE,ELEVATION,UPDATED,NAMEOFFACI,OWNERSHIP,YEARBUILT,TYPEOFFACI,NUMOFDOCTO,NUMOFNURSE,NUMOFNUR_1,NUMOFPCN,NUMOFEHTS,NUMOFPHARM,NUMOFLABTE,NUMOFBEDS,NUMOFMATER,NUMOFGENER,CATHMENTPO,DISTNEARES,HASCOMMUNI,HASCOMMU_1,HASWATERPI,HASWATERUN,HASELECTRI,HASELECT_1,DISTNEAR_1,HASSANITAT,HASSANIT_1,HASSANIT_2,HASSECURIT,HASSECUR_1,HASROADTAR,HASROADGRA,HASINCINER,HASAUTOWAY,HASDENTAL,COMMENTS,TYPE_EDITE,OWNERSHIP_norm,TYPE_norm,ownership_category,is_private,is_nonoperational,included
21.0,1262.0,Matebeleland South,Beitbridge,29.86923,-21.7345,591.0,2007.0,Mazunga,5,0.0,Clinic(Not Open),0.0,0.0,0.0,0.0,0.0,0.0,0.0,0.0,0.0,0.0,0.0,565.0,0.0,0.0,0.0,0.0,0.0,0.0,100.0,0.0,0.0,0.0,0.0,1.0,1.0,0.0,0.0,0.0,0.0,Not open still undre construction was a farm house,,5,Clinic(Not Open),Non-operational/Not yet open,False,True,False
22.0,1263.0,Matebeleland South,Beitbridge,30.5491,-21.90371,550.0,2007.0,Makombe,8,2006.0,Clinic (construction),0.0,0.0,0.0,0.0,0.0,0.0,0.0,0.0,0.0,0.0,0.0,95.0,0.0,0.0,0.0,0.0,0.0,0.0,0.0,0.0,0.0,0.0,0.0,1.0,0.0,1.0,0.0,0.0,0.0,Almost complete- Roofing complete,,8,Clinic (construction),Non-operational/Not yet open,False,True,False
41.0,1320.0,Masvingo,Bikita,31.42301,-19.95815,0.0,2007.0,Masarasa,7,1963.0,Clinic,0.0,1.0,1.0,0.0,1.0,0.0,0.0,4.0,1.0,3.0,4110.0,42.0,0.0,0.0,1.0,1.0,1.0,1.0,0.0,1.0,1.0,0.0,0.0,1.0,0.0,1.0,1.0,0.0,0.0,,,7,Clinic,Private,True,False,False
53.0,328.0,Mashonaland Central,Bindura,31.3319797516,-17.30967,0.0,1998.0,Freda Rebecca,7,0.0,Mine Clinic,0.0,0.0,0.0,0.0,0.0,0.0,0.0,0.0,0.0,0.0,0.0,0.0,0.0,0.0,0.0,0.0,0.0,0.0,0.0,0.0,0.0,0.0,0.0,0.0,0.0,0.0,0.0,0.0,0.0,,,7,Mine Clinic,Private,True,False,False
60.0,1136.0,Mashonaland Central,Bindura,31.2850799561,-17.33128,0.0,1998.0,Trojan,7,0.0,Mine Clinic,0.0,0.0,0.0,0.0,0.0,0.0,0.0,0.0,0.0,0.0,0.0,0.0,0.0,0.0,0.0,0.0,0.0,0.0,0.0,0.0,0.0,0.0,0.0,0.0,0.0,0.0,0.0,0.0,0.0,,,7,Mine Clinic,Private,True,False,False
63.0,1406.0,Mashonaland Central,Bindura,31.33509,-17.30905,0.0,2007.0,Ponai Medical Centre,7,1998.0,Private Hospital,2.0,4.0,7.0,0.0,0.0,0.0,0.0,11.0,1.0,10.0,0.0,0.0,0.0,1.0,1.0,0.0,1.0,0.0,0.0,1.0,0.0,0.0,0.0,0.0,1.0,0.0,0.0,0.0,0.0,,,7,Private Hospital,Private,True,False,False
64.0,1407.0,Mashonaland Central,Bindura,31.32199,-17.30241,0.0,2007.0,PSMI Shashi,7,2004.0,Private Hospital,2.0,6.0,4.0,0.0,0.0,1.0,1.0,23.0,2.0,21.0,0.0,3.0,0.0,1.0,1.0,0.0,1.0,0.0,0.0,1.0,0.0,0.0,1.0,0.0,1.0,0.0,0.0,0.0,0.0,,,7,Private Hospital,Private,True,False,False
65.0,1408.0,Mashonaland Central,Bindura,31.3334,-17.30767,0.0,2007.0,Premier Medical Centre,7,2004.0,Clinic,2.0,6.0,4.0,0.0,0.0,0.0,0.0,0.0,0.0,0.0,0.0,0.0,0.0,1.0,1.0,0.0,1.0,0.0,0.0,1.0,0.0,0.0,1.0,0.0,1.0,0.0,0.0,0.0,0.0,Annex of PSMI Hospital,Clinic,7,Clinic,Private,True,False,False
66.0,1409.0,Mashonaland Central,Bindura,31.33429,-17.31039,0.0,2007.0,ZNFPC,7,1992.0,Family Planning,0.0,3.0,1.0,0.0,0.0,0.0,0.0,0.0,0.0,0.0,0.0,4.0,0.0,1.0,1.0,0.0,1.0,0.0,0.0,1.0,0.0,0.0,0.0,1.0,1.0,0.0,0.0,0.0,0.0,Visiting Doctor,,7,Family Planning,Private,True,False,False
67.0,1410.0,Mashonaland Central,Bindura,31.33306,-17.32484,0.0,2007.0,Bindura University,7,0.0,Clinic,0.0,2.0,1.0,0.0,0.0,0.0,0.0,1.0,0.0,1.0,0.0,0.0,0.0,1.0,1.0,0.0,1.0,0.0,0.0,1.0,0.0,0.0,0.0,1.0,1.0,0.0,0.0,0.0,0.0,,Clinic,7,Clinic,Private,True,False,False
72.0,0.0,Mashonaland Central,Bindura,31.333,-17.3249,0.0,2013.0,Busce ,7,1996.0,Clinic,0.0,3.0,0.0,0.0,0.0,1.0,0.0,4.0,0.0,0.0,6000.0,5.0,0.0,0.0,1.0,0.0,1.0,0.0,0.0,0.0,0.0,0.0,0.0,0.0,0.0,0.0,1.0,0.0,0.0,,,7,Clinic,Private,True,False,False
84.0,1273.0,Matebeleland North,Binga,27.65647,-18.18549,975.0,2007.0,Sikomena,8,2006.0,Council Clinic(Construction),0.0,0.0,0.0,0.0,0.0,0.0,0.0,0.0,0.0,0.0,0.0,0.0,0.0,0.0,0.0,0.0,0.0,0.0,0.0,0.0,0.0,0.0,0.0,0.0,0.0,0.0,0.0,0.0,0.0,Under construction-wall level,,8,Council Clinic(Construction),Non-operational/Not yet open,False,True,False
89.0,1288.0,Matebeleland North,Binga,27.71811,-18.17046,1022.0,2007.0,Chibila,8,2002.0,Council (Construction),0.0,0.0,0.0,0.0,0.0,0.0,0.0,0.0,0.0,0.0,0.0,0.0,0.0,0.0,0.0,0.0,0.0,0.0,0.0,0.0,0.0,0.0,0.0,0.0,0.0,0.0,0.0,0.0,0.0,Under construction below roof level,,8,Council (Construction),Non-operational/Not yet open,False,True,False
93.0,440.0,Matebeleland North,Bubi,28.5494403839,-19.46111,0.0,1998.0,Isabella Mine,7,0.0,Mine Clinic,0.0,0.0,0.0,0.0,0.0,0.0,0.0,0.0,0.0,0.0,0.0,0.0,0.0,0.0,0.0,0.0,0.0,0.0,0.0,0.0,0.0,0.0,0.0,0.0,0.0,0.0,0.0,0.0,0.0,,,7,Mine Clinic,Private,True,False,False
98.0,1147.0,Matebeleland North,Bubi,28.7938899994,-19.71306,0.0,1998.0,Turk Mine,7,0.0,Mine Clinic,0.0,0.0,0.0,0.0,0.0,0.0,0.0,0.0,0.0,0.0,0.0,0.0,0.0,0.0,0.0,0.0,0.0,0.0,0.0,0.0,0.0,0.0,0.0,0.0,0.0,0.0,0.0,0.0,0.0,,,7,Mine Clinic,Private,True,False,False
180.0,38.0,Mashonaland West,Chegutu,30.4341697693,-18.03611,0.0,1998.0,BHP,7,0.0,Private Clinic,0.0,0.0,0.0,0.0,0.0,0.0,0.0,0.0,0.0,0.0,0.0,0.0,0.0,0.0,0.0,0.0,0.0,0.0,0.0,0.0,0.0,0.0,0.0,0.0,0.0,0.0,0.0,0.0,0.0,,,7,Private Clinic,Private,True,False,False
186.0,138.0,Mashonaland West,Chegutu,30.7697200775,-18.45056,0.0,1998.0,Chikwava,7,0.0,Private Clinic,0.0,0.0,0.0,0.0,0.0,0.0,0.0,0.0,0.0,0.0,0.0,0.0,0.0,0.0,0.0,0.0,0.0,0.0,0.0,0.0,0.0,0.0,0.0,0.0,0.0,0.0,0.0,0.0,0.0,,,7,Private Clinic,Private,True,False,False
188.0,264.0,Mashonaland West,Chegutu,30.1288890839,-18.14167,0.0,1998.0,David Whitehead,7,0.0,Private Clinic,0.0,0.0,0.0,0.0,0.0,0.0,0.0,0.0,0.0,0.0,0.0,0.0,0.0,0.0,0.0,0.0,0.0,0.0,0.0,0.0,0.0,0.0,0.0,0.0,0.0,0.0,0.0,0.0,0.0,,,7,Private Clinic,Private,True,False,False
192.0,423.0,Mashonaland West,Chegutu,30.7000007629,-17.85778,0.0,1998.0,Hunyani,7,0.0,Private Clinic,0.0,0.0,0.0,0.0,0.0,0.0,0.0,0.0,0.0,0.0,0.0,0.0,0.0,0.0,0.0,0.0,0.0,0.0,0.0,0.0,0.0,0.0,0.0,0.0,0.0,0.0,0.0,0.0,0.0,,,7,Private Clinic,Private,True,False,False
211.0,1239.0,Mashonaland West,Chegutu,29.97025,-17.90262,1013.0,2007.0,Shamrock,8,0.0,Under Construction,0.0,0.0,0.0,0.0,0.0,0.0,0.0,0.0,0.0,0.0,0.0,0.0,0.0,0.0,0.0,0.0,0.0,0.0,0.0,0.0,1.0,0.0,0.0,1.0,0.0,1.0,0.0,0.0,0.0,Clinic still under construction,,8,Under Construction,Non-operational/Not yet open,False,True,False
213.0,1241.0,Mashonaland West,Chegutu,30.13703,-18.02175,1199.0,2007.0,Elvington Clinic,7,0.0,Gold Mine Clinic,0.0,1.0,1.0,0.0,0.0,0.0,0.0,0.0,0.0,0.0,600.0,10.0,0.0,1.0,1.0,0.0,1.0,0.0,0.0,1.0,0.0,0.0,0.0,1.0,1.0,0.0,0.0,0.0,0.0,,,7,Gold Mine Clinic,Private,True,False,False
244.0,1464.0,Mashonaland East,Chikomba,30.89779,-19.01863,0.0,2007.0,Chivu Prison,7,1910.0,Clinic,0.0,4.0,2.0,0.0,0.0,0.0,0.0,2.0,0.0,2.0,400.0,1.0,0.0,1.0,1.0,0.0,1.0,0.0,0.0,1.0,0.0,0.0,0.0,1.0,1.0,0.0,0.0,0.0,0.0,,Clinic,7,Clinic,Private,True,False,False
349.0,958.0,Masvingo,Chiredzi,30.8334407806,-20.09081,0.0,1998.0,PMD Masvingo,9,0.0,PMD Offices,0.0,0.0,0.0,0.0,0.0,0.0,0.0,0.0,0.0,0.0,0.0,0.0,0.0,0.0,0.0,0.0,0.0,0.0,0.0,0.0,0.0,0.0,0.0,0.0,0.0,0.0,0.0,0.0,0.0,,,9,PMD Offices,Admin office (not a facility),False,True,False
376.0,1312.0,Midlands,Chirumanzu,30.46363,-19.2211,1333.0,2007.0,Central Estates,7,2001.0,Clinic,0.0,1.0,1.0,0.0,0.0,0.0,0.0,3.0,0.0,3.0,1322.0,10.0,0.0,1.0,1.0,0.0,1.0,0.0,0.0,1.0,0.0,0.0,0.0,1.0,0.0,1.0,0.0,1.0,0.0,,,7,Clinic,Private,True,False,False
377.0,0.0,Harare,Chitungwiza,31.0699,-18.0136,0.0,2013.0,CITIMED,Private,,Hospital,0.0,0.0,0.0,0.0,0.0,0.0,0.0,0.0,0.0,0.0,0.0,0.0,0.0,0.0,0.0,0.0,0.0,0.0,0.0,0.0,0.0,0.0,0.0,0.0,0.0,0.0,0.0,0.0,0.0,,,Private,Hospital,Private,True,False,False
381.0,0.0,Harare,Chitungwiza,31.1103,-18.0169,0.0,2013.0,ZRP camp,ZRP,,clinic,0.0,0.0,0.0,0.0,0.0,0.0,0.0,0.0,0.0,0.0,0.0,0.0,0.0,0.0,0.0,0.0,0.0,0.0,0.0,0.0,0.0,0.0,0.0,0.0,0.0,0.0,0.0,0.0,0.0,,,ZRP,clinic,"Excluded - restricted access (prison/police, not public)",False,False,False
384.0,0.0,Harare,Chitungwiza,31.0427,-17.9908,0.0,2013.0,Manyame 24Hr,Private,,Maternity clinic,0.0,0.0,0.0,0.0,0.0,0.0,0.0,0.0,0.0,0.0,0.0,0.0,0.0,0.0,0.0,0.0,0.0,0.0,0.0,0.0,0.0,0.0,0.0,0.0,0.0,0.0,0.0,0.0,0.0,,,Private,Maternity clinic,Private,True,False,False
405.0,416.0,Matebeleland South,Esigodini,28.7845592499,-20.30364,0.0,1998.0,How Mine,7,0.0,Mine Clinic,0.0,0.0,0.0,0.0,0.0,0.0,0.0,0.0,0.0,0.0,0.0,0.0,0.0,0.0,0.0,0.0,0.0,0.0,0.0,0.0,0.0,0.0,0.0,0.0,0.0,0.0,0.0,0.0,0.0,,,7,Mine Clinic,Private,True,False,False
417.0,266.0,Midlands,Gokwe,28.9375,-18.55778,0.0,1998.0,Day & Night,7,0.0,Private Clinic,0.0,0.0,0.0,0.0,0.0,0.0,0.0,0.0,0.0,0.0,0.0,0.0,0.0,0.0,0.0,0.0,0.0,0.0,0.0,0.0,0.0,0.0,0.0,0.0,0.0,0.0,0.0,0.0,0.0,,,7,Private Clinic,Private,True,False,False
461.0,1294.0,Midlands,Gokwe South,28.92017,-18.5753,0.0,2007.0,Mateme,7,1998.0,Clinic,0.0,3.0,0.0,1.0,0.0,0.0,0.0,7.0,1.0,6.0,3348.0,90.0,0.0,0.0,0.0,0.0,0.0,0.0,0.0,0.0,0.0,0.0,0.0,0.0,0.0,0.0,0.0,0.0,0.0,,Clinic,7,Clinic,Private,True,False,False
488.0,0.0,Mashonaland East,Goromonzi,31.3164,-17.7786,0.0,2013.0,Arcturus, Mine ,0.0,Clinic,1.0,5.0,0.0,0.0,1.0,0.0,0.0,8.0,4.0,0.0,9586.0,36.0,0.0,0.0,1.0,0.0,1.0,0.0,0.0,1.0,1.0,0.0,0.0,1.0,1.0,0.0,1.0,1.0,0.0,,,Mine,Clinic,Private (mine/company),True,False,False
518.0,0.0,Mashonaland Central,Guruve,30.7032,-16.6628,0.0,2013.0,Guruve ,ZRP ,0.0,Clinic,0.0,0.0,0.0,0.0,0.0,0.0,0.0,0.0,0.0,0.0,0.0,0.0,0.0,0.0,0.0,0.0,0.0,0.0,0.0,0.0,0.0,0.0,0.0,0.0,0.0,0.0,0.0,0.0,0.0,,,ZRP,Clinic,"Excluded - restricted access (prison/police, not public)",False,False,False
551.0,47.0,Matebeleland South,Gwanda,28.9061393738,-20.87447,0.0,1998.0,Blanket Mine,7,0.0,Mine Clinic,0.0,0.0,0.0,0.0,0.0,0.0,0.0,0.0,0.0,0.0,0.0,0.0,0.0,0.0,0.0,0.0,0.0,0.0,0.0,0.0,0.0,0.0,0.0,0.0,0.0,0.0,0.0,0.0,0.0,,,7,Mine Clinic,Private,True,False,False
553.0,246.0,Matebeleland South,Gwanda,29.221780777,-21.0035,0.0,1998.0,Collen Bawn,7,0.0,Mine Clinic,0.0,0.0,0.0,0.0,0.0,0.0,0.0,0.0,0.0,0.0,0.0,0.0,0.0,0.0,0.0,0.0,0.0,0.0,0.0,0.0,0.0,0.0,0.0,0.0,0.0,0.0,0.0,0.0,0.0,,,7,Mine Clinic,Private,True,False,False
554.0,327.0,Matebeleland South,Gwanda,28.8003292084,-20.97178,0.0,1998.0,Freda Mine,7,0.0,Mine Clinic,0.0,0.0,0.0,0.0,0.0,0.0,0.0,0.0,0.0,0.0,0.0,0.0,0.0,0.0,0.0,0.0,0.0,0.0,0.0,0.0,0.0,0.0,0.0,0.0,0.0,0.0,0.0,0.0,0.0,,,7,Mine Clinic,Private,True,False,False
558.0,449.0,Matebeleland South,Gwanda,29.3228092194,-21.05517,0.0,1998.0,Jessie Mine,7,0.0,Mine Clinic,0.0,0.0,0.0,0.0,0.0,0.0,0.0,0.0,0.0,0.0,0.0,0.0,0.0,0.0,0.0,0.0,0.0,0.0,0.0,0.0,0.0,0.0,0.0,0.0,0.0,0.0,0.0,0.0,0.0,,,7,Mine Clinic,Private,True,False,False
576.0,1260.0,Matebeleland South,Gwanda,29.35371,-21.3652,725.0,2007.0,Oakley Block,8,0.0,Clinic(Not Open),0.0,0.0,0.0,0.0,0.0,0.0,0.0,0.0,0.0,0.0,0.0,65.0,0.0,0.0,0.0,0.0,0.0,0.0,0.0,0.0,0.0,0.0,0.0,1.0,0.0,1.0,0.0,0.0,0.0,Was a farm house -not yet functional,,8,Clinic(Not Open),Non-operational/Not yet open,False,True,False
579.0,1266.0,Matebeleland South,Gwanda,29.0129,-20.95247,1008.0,2007.0,Joshua Mqabuko Nkomo,7,2000.0,School Clinic,0.0,1.0,0.0,0.0,0.0,0.0,0.0,0.0,0.0,0.0,0.0,1.0,0.0,1.0,1.0,0.0,1.0,0.0,0.0,1.0,0.0,1.0,0.0,1.0,1.0,0.0,1.0,0.0,0.0,,,7,School Clinic,Private,True,False,False
603.0,1328.0,Midlands,Gweru,29.78063,-19.52241,1393.0,2007.0,Dabuka,7,1980.0,Clinic,0.0,2.0,0.0,0.0,2.0,0.0,0.0,0.0,0.0,0.0,0.0,10.0,0.0,1.0,1.0,0.0,1.0,0.0,0.0,1.0,0.0,0.0,0.0,1.0,1.0,0.0,1.0,0.0,0.0,,,7,Clinic,Private,True,False,False
604.0,1337.0,Midlands,Gweru,29.80665,-19.45662,1415.0,2007.0,Railways,7,1980.0,Clinic,1.0,2.0,0.0,0.0,0.0,0.0,0.0,0.0,0.0,0.0,0.0,84.0,0.0,1.0,1.0,0.0,1.0,1.0,0.0,1.0,0.0,0.0,0.0,1.0,1.0,0.0,0.0,0.0,0.0,,,7,Clinic,Private,True,False,False
605.0,1338.0,Midlands,Gweru,29.78741,-19.46933,1425.0,2007.0,Kariba,7,1980.0,Clinic,1.0,1.0,1.0,0.0,0.0,0.0,0.0,3.0,0.0,3.0,180.0,8.0,0.0,0.0,1.0,0.0,1.0,0.0,0.0,1.0,0.0,0.0,1.0,0.0,1.0,0.0,0.0,0.0,0.0,,,7,Clinic,Private,True,False,False
612.0,1313.0,Midlands,Gweru,30.0505,-19.4184,1395.0,2007.0,Sino Zimbabwe,7,2001.0,Clinic,0.0,1.0,4.0,0.0,1.0,0.0,0.0,2.0,0.0,2.0,500.0,38.0,0.0,1.0,1.0,0.0,1.0,0.0,0.0,1.0,0.0,0.0,0.0,1.0,1.0,0.0,0.0,0.0,0.0,,,7,Clinic,Private,True,False,False
615.0,1339.0,Midlands,Gweru,29.79629,-19.46333,1428.0,2007.0,Zim alloys,7,0.0,clinic,0.0,0.0,0.0,0.0,0.0,0.0,0.0,0.0,0.0,0.0,0.0,0.0,0.0,0.0,0.0,0.0,0.0,0.0,0.0,0.0,0.0,0.0,0.0,0.0,0.0,0.0,0.0,0.0,0.0,,,7,clinic,Private,True,False,False
616.0,1344.0,Midlands,Gweru,29.79629,-19.46333,1428.0,2007.0,Zim Alloys,7,1980.0,Clinic,1.0,5.0,0.0,0.0,0.0,0.0,0.0,5.0,0.0,5.0,1500.0,7.0,0.0,1.0,1.0,0.0,1.0,0.0,0.0,1.0,0.0,0.0,1.0,0.0,1.0,0.0,0.0,0.0,0.0,,,7,Clinic,Private,True,False,False
617.0,1345.0,Midlands,Gweru,29.79642,-19.45721,1415.0,2007.0,Zim Glass,7,1983.0,Clinic,1.0,1.0,1.0,0.0,0.0,0.0,0.0,5.0,0.0,5.0,460.0,4.0,0.0,1.0,1.0,0.0,1.0,0.0,0.0,1.0,0.0,0.0,1.0,0.0,1.0,0.0,1.0,0.0,0.0,,,7,Clinic,Private,True,False,False
618.0,1346.0,Midlands,Gweru,29.83327,-19.46829,1417.0,2007.0,Claybank,7,1993.0,Hospital,1.0,15.0,15.0,0.0,0.0,0.0,0.0,38.0,8.0,30.0,0.0,0.0,0.0,1.0,1.0,0.0,1.0,0.0,0.0,1.0,0.0,0.0,1.0,0.0,1.0,0.0,0.0,0.0,1.0,,,7,Hospital,Private,True,False,False
619.0,1347.0,Midlands,Gweru,29.79985,-19.46364,1416.0,2007.0,ZIMCAST,7,1980.0,Clinic,1.0,1.0,1.0,0.0,0.0,0.0,0.0,1.0,0.0,1.0,400.0,4.0,0.0,1.0,1.0,0.0,1.0,0.0,0.0,1.0,0.0,0.0,0.0,1.0,1.0,0.0,1.0,0.0,0.0,,,7,Clinic,Private,True,False,False
621.0,1349.0,Midlands,Gweru,29.79553,-19.47412,1432.0,2007.0,BATA,7,1960.0,Clinic,1.0,3.0,0.0,0.0,0.0,0.0,0.0,0.0,0.0,0.0,0.0,6.0,0.0,1.0,1.0,0.0,1.0,0.0,0.0,1.0,0.0,0.0,0.0,1.0,1.0,0.0,0.0,0.0,0.0,,,7,Clinic,Private,True,False,False
670.0,490.0,Mashonaland West,Hurungwe,29.642780304,-16.47806,0.0,1998.0,Karuru,8,0.0,Council (Construction),0.0,0.0,0.0,0.0,0.0,0.0,0.0,0.0,0.0,0.0,0.0,0.0,0.0,0.0,0.0,0.0,0.0,0.0,0.0,0.0,0.0,0.0,0.0,0.0,0.0,0.0,0.0,0.0,0.0,,,8,Council (Construction),Non-operational/Not yet open,False,True,False
675.0,559.0,Mashonaland West,Hurungwe,29.423330307,-16.86528,0.0,1998.0,Magunje Army,7,0.0,Army Clinic,0.0,0.0,0.0,0.0,0.0,0.0,0.0,0.0,0.0,0.0,0.0,0.0,0.0,0.0,0.0,0.0,0.0,0.0,0.0,0.0,0.0,0.0,0.0,0.0,0.0,0.0,0.0,0.0,0.0,,Millitary Clinic,7,Army Clinic,Private,True,False,False
676.0,587.0,Mashonaland West,Hurungwe,29.3619403839,-15.72139,0.0,1998.0,Mana Pools,7,0.0,National Park-clinic,0.0,0.0,0.0,0.0,0.0,0.0,0.0,0.0,0.0,0.0,0.0,0.0,0.0,0.0,0.0,0.0,0.0,0.0,0.0,0.0,0.0,0.0,0.0,0.0,0.0,0.0,0.0,0.0,0.0,,,7,National Park-clinic,Private,True,False,False
677.0,608.0,Mashonaland West,Hurungwe,29.1625003815,-16.22889,0.0,1998.0,Marongora,7,0.0,National Park-clinic,0.0,0.0,0.0,0.0,0.0,0.0,0.0,0.0,0.0,0.0,0.0,0.0,0.0,0.0,0.0,0.0,0.0,0.0,0.0,0.0,0.0,0.0,0.0,0.0,0.0,0.0,0.0,0.0,0.0,,,7,National Park-clinic,Private,True,False,False
687.0,1218.0,Mashonaland West,Hurungwe,29.03146,-17.02504,874.0,2007.0,Deve,5,2005.0,Clinic(Not Open),0.0,0.0,0.0,0.0,0.0,0.0,0.0,0.0,0.0,0.0,0.0,22.0,0.0,0.0,1.0,0.0,0.0,0.0,0.0,1.0,1.0,1.0,0.0,1.0,0.0,1.0,1.0,1.0,0.0,Clinic not yet opened,,5,Clinic(Not Open),Non-operational/Not yet open,False,True,False
688.0,1219.0,Mashonaland West,Hurungwe,29.06433,-17.12012,850.0,2007.0,Chiedza,5,1997.0,Clinic(Not Open),0.0,0.0,0.0,0.0,0.0,0.0,0.0,0.0,0.0,0.0,0.0,0.0,0.0,0.0,0.0,0.0,0.0,0.0,0.0,0.0,0.0,0.0,0.0,0.0,0.0,0.0,0.0,0.0,0.0,Not yet complete,,5,Clinic(Not Open),Non-operational/Not yet open,False,True,False
705.0,1169.0,Matebeleland North,Hwange,26.5005607605,-18.35722,0.0,1998.0,Wankie,7,0.0,Private Hospital,0.0,0.0,0.0,0.0,0.0,0.0,0.0,0.0,0.0,0.0,0.0,0.0,0.0,0.0,0.0,0.0,0.0,0.0,0.0,0.0,0.0,0.0,0.0,0.0,0.0,0.0,0.0,0.0,0.0,,,7,Private Hospital,Private,True,False,False
711.0,1298.0,Matebeleland North,Hwange,26.85831,-18.62354,0.0,2007.0,Dete,7,0.0,Railways-clinic,0.0,2.0,0.0,0.0,0.0,0.0,0.0,2.0,0.0,2.0,456.0,76.0,0.0,1.0,1.0,0.0,1.0,0.0,0.0,1.0,0.0,0.0,0.0,1.0,1.0,0.0,0.0,0.0,0.0,,,7,Railways-clinic,Private,True,False,False
713.0,1300.0,Matebeleland North,Hwange,26.49204,-18.35426,723.0,2007.0,No 1 Clinic,7,1950.0,Clinic,0.0,3.0,3.0,0.0,1.0,0.0,0.0,4.0,3.0,1.0,10448.0,1.0,0.0,1.0,1.0,0.0,1.0,0.0,0.0,1.0,0.0,0.0,0.0,0.0,1.0,0.0,1.0,0.0,0.0,,,7,Clinic,Private,True,False,False
714.0,1301.0,Matebeleland North,Hwange,26.47342,-18.33347,697.0,2007.0,No1 North,7,1950.0,Clinic,0.0,3.0,0.0,0.0,1.0,0.0,0.0,3.0,1.0,2.0,32912.0,2.0,0.0,1.0,1.0,0.0,1.0,0.0,0.0,1.0,0.0,0.0,0.0,1.0,1.0,0.0,1.0,0.0,0.0,1.Shortage of proffessional staff,,7,Clinic,Private,True,False,False
715.0,1302.0,Matebeleland North,Hwange,26.44014,-18.37726,770.0,2007.0,No 5 Clinic,7,1950.0,Clinic,0.0,3.0,0.0,0.0,0.0,0.0,0.0,1.0,0.0,1.0,2310.0,7.0,1.0,1.0,1.0,0.0,1.0,0.0,0.0,1.0,0.0,0.0,0.0,1.0,1.0,0.0,0.0,0.0,0.0,"Shares the EHT with no 2 Clinic, No 2 & 5 Clinic",,7,Clinic,Private,True,False,False
716.0,1303.0,Matebeleland North,Hwange,26.43633,-18.36078,754.0,2007.0,No 2 Dressing Station,7,1959.0,Clinic,0.0,6.0,0.0,0.0,1.0,0.0,0.0,1.0,0.0,1.0,0.0,7.0,0.0,1.0,1.0,0.0,1.0,0.0,0.0,1.0,0.0,0.0,0.0,0.0,1.0,0.0,0.0,0.0,0.0,,,7,Clinic,Private,True,False,False
717.0,1304.0,Matebeleland North,Hwange,26.42891,-18.36407,759.0,2007.0,No 2 Clinic,7,1950.0,Clinic,0.0,6.0,0.0,0.0,0.0,0.0,0.0,4.0,1.0,3.0,2310.0,7.0,0.0,1.0,1.0,0.0,1.0,0.0,0.0,0.0,0.0,0.0,0.0,1.0,1.0,0.0,1.0,0.0,0.0,Fenced partially,,7,Clinic,Private,True,False,False
718.0,1305.0,Matebeleland North,Hwange,26.46145,-18.38911,771.0,2007.0,Ingagula,7,1980.0,Clinic,0.0,5.0,5.0,0.0,0.0,0.0,0.0,7.0,1.0,6.0,3031.0,0.0,1.0,1.0,1.0,0.0,1.0,0.0,0.0,1.0,0.0,0.0,0.0,1.0,1.0,0.0,1.0,0.0,0.0,Availability of essential drugs,,7,Clinic,Private,True,False,False
719.0,1306.0,Matebeleland North,Hwange,26.40722,-18.41659,759.0,2007.0,No 3 Clinic,7,1950.0,Clinic,0.0,7.0,0.0,0.0,1.0,0.0,0.0,6.0,1.0,5.0,3695.0,16.0,0.0,1.0,1.0,0.0,1.0,0.0,0.0,1.0,0.0,0.0,0.0,0.0,1.0,0.0,1.0,0.0,0.0,,,7,Clinic,Private,True,False,False
721.0,1275.0,Matebeleland North,Hwange,26.48723,-18.37115,754.0,2007.0,NRZ Surgery,7,1950.0,Railways-clinic,0.0,2.0,0.0,0.0,0.0,0.0,0.0,0.0,0.0,0.0,0.0,5.0,0.0,1.0,1.0,0.0,1.0,0.0,0.0,1.0,0.0,0.0,0.0,1.0,1.0,0.0,0.0,0.0,0.0,On call operational model,,7,Railways-clinic,Private,True,False,False
722.0,1276.0,Matebeleland North,Hwange,26.49616,-18.37741,768.0,2007.0,Ngumija,7,0.0,Railways-clinic,0.0,2.0,0.0,0.0,1.0,0.0,0.0,3.0,1.0,2.0,3200.0,4.0,0.0,1.0,1.0,0.0,1.0,0.0,0.0,1.0,0.0,0.0,0.0,1.0,1.0,0.0,0.0,0.0,0.0,Need extra drug supplies-since catering for non NRZ staff,,7,Railways-clinic,Private,True,False,False
723.0,1277.0,Matebeleland North,Hwange,26.49264,-18.36288,768.0,2007.0,No 1 Dressing Station,7,0.0,Mine Clinic,0.0,6.0,0.0,0.0,0.0,0.0,0.0,1.0,0.0,1.0,0.0,2.0,0.0,1.0,1.0,0.0,1.0,0.0,0.0,1.0,0.0,0.0,0.0,0.0,1.0,0.0,0.0,0.0,0.0,Shortage of essential drugs,,7,Mine Clinic,Private,True,False,False
725.0,1279.0,Matebeleland North,Hwange,25.98653,-18.62904,0.0,2007.0,Robbins Camp,7,1986.0,Clinic,0.0,0.0,1.0,0.0,0.0,0.0,0.0,2.0,0.0,2.0,200.0,104.0,0.0,1.0,1.0,0.0,1.0,0.0,0.0,1.0,0.0,0.0,1.0,0.0,0.0,1.0,0.0,0.0,0.0,No qualified nurse,,7,Clinic,Private,True,False,False
726.0,1280.0,Matebeleland North,Hwange,25.82613,-17.91214,918.0,2007.0,Elephant Hills,7,1991.0,Hotel Clinic,0.0,1.0,0.0,0.0,0.0,0.0,0.0,0.0,0.0,0.0,317.0,7.0,0.0,1.0,1.0,0.0,1.0,0.0,0.0,1.0,0.0,0.0,0.0,1.0,1.0,0.0,0.0,0.0,0.0,,,7,Hotel Clinic,Private,True,False,False
727.0,1281.0,Matebeleland North,Hwange,25.84274,-17.93138,896.0,2007.0,Victoria Falls Clinic,7,1989.0,Industrial Clinic,0.0,1.0,0.0,0.0,0.0,0.0,0.0,0.0,0.0,0.0,2500.0,2.0,0.0,1.0,1.0,0.0,1.0,0.0,0.0,1.0,0.0,0.0,1.0,1.0,1.0,0.0,0.0,0.0,0.0,,,7,Industrial Clinic,Private,True,False,False
729.0,1283.0,Matebeleland North,Hwange,27.82312,-17.5687,595.0,2007.0,Meheni,8,2006.0,Conucil Not Open,0.0,0.0,0.0,0.0,0.0,0.0,0.0,0.0,0.0,0.0,0.0,0.0,0.0,0.0,0.0,0.0,0.0,0.0,0.0,0.0,0.0,0.0,0.0,0.0,0.0,0.0,0.0,0.0,0.0,Clinic Complete water stll to be connected,,8,Conucil Not Open,Non-operational/Not yet open,False,True,False
730.0,1284.0,Matebeleland North,Hwange,26.21412,-18.13872,873.0,2007.0,Milonga,8,2006.0,Clinic(Not Open),0.0,0.0,0.0,0.0,0.0,0.0,0.0,0.0,0.0,0.0,0.0,0.0,0.0,0.0,0.0,0.0,0.0,0.0,0.0,0.0,0.0,0.0,0.0,0.0,0.0,0.0,0.0,0.0,0.0,Complte -Water not connected,,8,Clinic(Not Open),Non-operational/Not yet open,False,True,False
734.0,0.0,Matebeleland North,Hwange,26.5022,-18.3582,0.0,2013.0,Hwange Colliery Hospital,0,0.0,Mine Hospital,0.0,0.0,0.0,0.0,0.0,0.0,0.0,0.0,0.0,0.0,0.0,0.0,0.0,0.0,0.0,0.0,0.0,0.0,0.0,0.0,0.0,0.0,0.0,0.0,0.0,0.0,0.0,0.0,0.0,,,0,Mine Hospital,Private (mine/company),True,False,False
735.0,0.0,Matebeleland North,Hwange,26.4963,-18.3774,0.0,2013.0,Nguminja,0,0.0,Mine clinic,0.0,0.0,0.0,0.0,0.0,0.0,0.0,0.0,0.0,0.0,0.0,0.0,0.0,0.0,0.0,0.0,0.0,0.0,0.0,0.0,0.0,0.0,0.0,0.0,0.0,0.0,0.0,0.0,0.0,,,0,Mine clinic,Private (mine/company),True,False,False
736.0,0.0,Matebeleland North,Hwange,26.4874,-18.3713,0.0,2013.0,surgery,0,0.0,Mine Clinic,0.0,0.0,0.0,0.0,0.0,0.0,0.0,0.0,0.0,0.0,0.0,0.0,0.0,0.0,0.0,0.0,0.0,0.0,0.0,0.0,0.0,0.0,0.0,0.0,0.0,0.0,0.0,0.0,0.0,,,0,Mine Clinic,Private (mine/company),True,False,False
737.0,0.0,Matebeleland North,Hwange,26.4927,-18.3629,0.0,2013.0,Dressing station,0,0.0,Mine Clinic,0.0,0.0,0.0,0.0,0.0,0.0,0.0,0.0,0.0,0.0,0.0,0.0,0.0,0.0,0.0,0.0,0.0,0.0,0.0,0.0,0.0,0.0,0.0,0.0,0.0,0.0,0.0,0.0,0.0,,,0,Mine Clinic,Private (mine/company),True,False,False
753.0,311.0,Matebeleland South,Insiza,29.2704696655,-20.43822,0.0,1998.0,Epoch,7,0.0,Mine Clinic,0.0,0.0,0.0,0.0,0.0,0.0,0.0,0.0,0.0,0.0,0.0,0.0,0.0,0.0,0.0,0.0,0.0,0.0,0.0,0.0,0.0,0.0,0.0,0.0,0.0,0.0,0.0,0.0,0.0,,,7,Mine Clinic,Private,True,False,False
763.0,1043.0,Matebeleland South,Insiza,29.2248897552,-19.68997,0.0,1998.0,Shangani,7,0.0,Mine Clinic,0.0,0.0,0.0,0.0,0.0,0.0,0.0,0.0,0.0,0.0,0.0,0.0,0.0,0.0,0.0,0.0,0.0,0.0,0.0,0.0,0.0,0.0,0.0,0.0,0.0,0.0,0.0,0.0,0.0,,,7,Mine Clinic,Private,True,False,False
767.0,1250.0,Matebeleland South,Insiza,29.4942,-20.33999,1216.0,2007.0,Montrose 7,8,0.0,Under Construction,0.0,0.0,0.0,0.0,0.0,0.0,0.0,0.0,0.0,0.0,0.0,0.0,0.0,0.0,0.0,0.0,0.0,0.0,0.0,0.0,0.0,0.0,0.0,0.0,0.0,0.0,0.0,0.0,0.0,proposed clinic renovations taking place,,8,Under Construction,Non-operational/Not yet open,False,True,False
768.0,1251.0,Matebeleland South,Insiza,29.70742,-20.10003,1219.0,2007.0,Lambamai,8,0.0,Under Construction,0.0,0.0,0.0,0.0,0.0,0.0,0.0,0.0,0.0,0.0,0.0,150.0,0.0,0.0,0.0,0.0,0.0,0.0,0.0,0.0,0.0,0.0,0.0,0.0,0.0,0.0,0.0,0.0,0.0,Proposed clinic: farm house,,8,Under Construction,Non-operational/Not yet open,False,True,False
769.0,1252.0,Matebeleland South,Insiza,29.78944,-20.04728,1180.0,2007.0,Mplalawami,8,0.0,(New Site),0.0,0.0,0.0,0.0,0.0,0.0,0.0,0.0,0.0,0.0,0.0,0.0,0.0,0.0,0.0,0.0,0.0,0.0,0.0,0.0,0.0,0.0,0.0,0.0,0.0,0.0,0.0,0.0,0.0,To be renovated: was farm house,New,8,(New Site),Non-operational/Not yet open,False,True,False
771.0,1254.0,Matebeleland South,Insiza,29.38517,-20.84809,936.0,2007.0,Saphila,8,2006.0,Council Clinic(Construction),0.0,0.0,0.0,0.0,0.0,0.0,0.0,0.0,0.0,0.0,0.0,0.0,0.0,0.0,0.0,0.0,0.0,0.0,0.0,0.0,0.0,0.0,0.0,0.0,0.0,0.0,0.0,0.0,0.0,"Still under construction ,nearly complete",,8,Council Clinic(Construction),Non-operational/Not yet open,False,True,False
773.0,26.0,Mashonaland West,Kadoma,29.9058303833,-18.62444,0.0,1998.0,Battlefields,7,0.0,Army Hospital,0.0,0.0,0.0,0.0,0.0,0.0,0.0,0.0,0.0,0.0,0.0,0.0,0.0,0.0,0.0,0.0,0.0,0.0,0.0,0.0,0.0,0.0,0.0,0.0,0.0,0.0,0.0,0.0,0.0,,Millitary H,7,Army Hospital,Private,True,False,False
776.0,76.0,Mashonaland West,Kadoma,29.8452796936,-18.07833,0.0,1998.0,Chakari,7,0.0,Private Mine Clinic,0.0,0.0,0.0,0.0,0.0,0.0,0.0,0.0,0.0,0.0,0.0,0.0,0.0,0.0,0.0,0.0,0.0,0.0,0.0,0.0,0.0,0.0,0.0,0.0,0.0,0.0,0.0,0.0,0.0,,,7,Private Mine Clinic,Private,True,False,False
777.0,102.0,Mashonaland West,Kadoma,29.7549991608,-17.92028,0.0,1998.0,Chegutu 6,8,0.0,(New Site),0.0,0.0,0.0,0.0,0.0,0.0,0.0,0.0,0.0,0.0,0.0,0.0,0.0,0.0,0.0,0.0,0.0,0.0,0.0,0.0,0.0,0.0,0.0,0.0,0.0,0.0,0.0,0.0,0.0,,New,8,(New Site),Non-operational/Not yet open,False,True,False
782.0,306.0,Mashonaland West,Kadoma,29.9811096191,-18.31694,0.0,1998.0,Eiffel Flat,7,0.0,Mine Clinic,0.0,0.0,0.0,0.0,0.0,0.0,0.0,0.0,0.0,0.0,0.0,0.0,0.0,0.0,0.0,0.0,0.0,0.0,0.0,0.0,0.0,0.0,0.0,0.0,0.0,0.0,0.0,0.0,0.0,,,7,Mine Clinic,Private,True,False,False
784.0,347.0,Mashonaland West,Kadoma,29.7930603027,-18.22306,0.0,1998.0,Golden Valley,7,0.0,Private Mine Clinic,0.0,0.0,0.0,0.0,0.0,0.0,0.0,0.0,0.0,0.0,0.0,0.0,0.0,0.0,0.0,0.0,0.0,0.0,0.0,0.0,0.0,0.0,0.0,0.0,0.0,0.0,0.0,0.0,0.0,,,7,Private Mine Clinic,Private,True,False,False
802.0,997.0,Mashonaland West,Kadoma,29.414440155,-17.60833,0.0,1998.0,Rusvingo,8,0.0,Clinic (construction),0.0,0.0,0.0,0.0,0.0,0.0,0.0,0.0,0.0,0.0,0.0,0.0,0.0,0.0,0.0,0.0,0.0,0.0,0.0,0.0,0.0,0.0,0.0,0.0,0.0,0.0,0.0,0.0,0.0,,,8,Clinic (construction),Non-operational/Not yet open,False,True,False
807.0,1154.0,Mashonaland West,Kadoma,29.7724990845,-18.50778,0.0,1998.0,Venice,7,0.0,Mine Clinic,0.0,0.0,0.0,0.0,0.0,0.0,0.0,0.0,0.0,0.0,0.0,0.0,0.0,0.0,0.0,0.0,0.0,0.0,0.0,0.0,0.0,0.0,0.0,0.0,0.0,0.0,0.0,0.0,0.0,,,7,Mine Clinic,Private,True,False,False
808.0,1155.0,Mashonaland West,Kadoma,29.7724990845,-18.50778,0.0,1998.0,Venice,7,0.0,Mine Clinic,0.0,0.0,0.0,0.0,0.0,0.0,0.0,0.0,0.0,0.0,0.0,0.0,0.0,0.0,0.0,0.0,0.0,0.0,0.0,0.0,0.0,0.0,0.0,0.0,0.0,0.0,0.0,0.0,0.0,,,7,Mine Clinic,Private,True,False,False
811.0,1236.0,Mashonaland West,Kadoma,30.5599,-18.72362,1289.0,2007.0,Gavhunga,8,0.0,Clinic(Not Open),0.0,0.0,0.0,0.0,0.0,0.0,0.0,0.0,0.0,0.0,0.0,0.0,0.0,0.0,0.0,0.0,0.0,0.0,0.0,0.0,0.0,0.0,0.0,0.0,0.0,0.0,0.0,0.0,0.0,Clinic not yet functional,,8,Clinic(Not Open),Non-operational/Not yet open,False,True,False
813.0,1230.0,Mashonaland West,Kadoma,29.88327,-18.34446,1133.0,2007.0,Kadoma Pop.,7,2006.0,Clinic,0.0,1.0,0.0,0.0,0.0,0.0,0.0,0.0,0.0,0.0,0.0,0.0,0.0,1.0,1.0,0.0,1.0,0.0,0.0,1.0,0.0,0.0,0.0,0.0,1.0,0.0,0.0,0.0,0.0,,,7,Clinic,Private,True,False,False
814.0,1231.0,Mashonaland West,Kadoma,29.89131,-18.34622,1121.0,2007.0,PSI,7,0.0,Clinic,0.0,6.0,1.0,0.0,0.0,0.0,0.0,0.0,0.0,0.0,0.0,2.0,0.0,1.0,1.0,0.0,1.0,0.0,0.0,1.0,0.0,0.0,1.0,0.0,1.0,0.0,0.0,0.0,0.0,,,7,Clinic,Private,True,False,False
819.0,89.0,Mashonaland West,Kariba,28.9636096954,-16.55167,0.0,1998.0,Charara,7,0.0,Farm Clinic,0.0,0.0,0.0,0.0,0.0,0.0,0.0,0.0,0.0,0.0,0.0,0.0,0.0,0.0,0.0,0.0,0.0,0.0,0.0,0.0,0.0,0.0,0.0,0.0,0.0,0.0,0.0,0.0,0.0,,,7,Farm Clinic,Private,True,False,False
830.0,1299.0,Mashonaland West,Kariba,28.18771,-17.02508,543.0,2007.0,Mayovhe,8,1993.0,Rural Health Centre(construction),0.0,0.0,0.0,0.0,0.0,0.0,0.0,0.0,0.0,0.0,0.0,0.0,0.0,0.0,0.0,0.0,0.0,0.0,0.0,0.0,0.0,0.0,0.0,0.0,0.0,0.0,0.0,0.0,0.0,,,8,Rural Health Centre(construction),Non-operational/Not yet open,False,True,False
849.0,977.0,Midlands,Kwekwe,29.4355602264,-18.46828,0.0,1998.0,Rio Tinto,7,0.0,Mine Clinic,0.0,0.0,0.0,0.0,0.0,0.0,0.0,0.0,0.0,0.0,0.0,0.0,0.0,0.0,0.0,0.0,0.0,0.0,0.0,0.0,0.0,0.0,0.0,0.0,0.0,0.0,0.0,0.0,0.0,,,7,Mine Clinic,Private,True,False,False
860.0,1331.0,Midlands,Kwekwe,29.75035,-19.01429,1203.0,2007.0,Zisco Works,7,1980.0,Clinic,0.0,7.0,0.0,0.0,0.0,0.0,0.0,10.0,0.0,10.0,4000.0,26.0,1.0,1.0,1.0,0.0,1.0,0.0,0.0,1.0,0.0,0.0,1.0,0.0,1.0,0.0,1.0,0.0,0.0,,,7,Clinic,Private,True,False,False
861.0,1332.0,Midlands,Kwekwe,29.82332,-18.91481,1197.0,2007.0,Lancashire,7,1980.0,Clinic,0.0,3.0,1.0,0.0,0.0,0.0,0.0,0.0,0.0,0.0,600.0,3.0,0.0,1.0,1.0,0.0,1.0,0.0,0.0,1.0,0.0,0.0,1.0,0.0,1.0,0.0,1.0,0.0,0.0,,,7,Clinic,Private,True,False,False
862.0,1333.0,Midlands,Kwekwe,29.8246,-18.91316,1188.0,2007.0,Zim Wire and Rope,7,1973.0,Clinic,1.0,1.0,0.0,0.0,0.0,0.0,0.0,0.0,0.0,0.0,175.0,3.0,0.0,1.0,1.0,0.0,1.0,0.0,0.0,1.0,0.0,0.0,0.0,1.0,1.0,0.0,0.0,0.0,0.0,,,7,Clinic,Private,True,False,False
865.0,1336.0,Midlands,Kwekwe,29.7989,-18.8009,1202.0,2007.0,Sable,7,1969.0,Clinic,3.0,5.0,0.0,0.0,0.0,0.0,0.0,5.0,0.0,5.0,600.0,16.0,1.0,1.0,1.0,0.0,1.0,0.0,0.0,1.0,0.0,0.0,0.0,1.0,1.0,0.0,0.0,0.0,0.0,,,7,Clinic,Private,True,False,False
878.0,1296.0,Matebeleland North,Lupane,27.77305,-18.9308,1006.0,2007.0,Lupane Prov. Hospital,8,2007.0,Provincial Hospital,0.0,0.0,0.0,0.0,0.0,0.0,0.0,0.0,0.0,0.0,0.0,30.0,0.0,0.0,0.0,0.0,0.0,0.0,0.0,0.0,0.0,0.0,0.0,0.0,0.0,0.0,0.0,0.0,0.0,Still under construction,,8,Provincial Hospital,Non-operational/Not yet open,False,True,False
891.0,684.0,Mashonaland West,Makonde,30.164440155,-16.89194,0.0,1998.0,Mhangura,7,0.0,Private Hospital,0.0,0.0,0.0,0.0,0.0,0.0,0.0,0.0,0.0,0.0,0.0,0.0,0.0,0.0,0.0,0.0,0.0,0.0,0.0,0.0,0.0,0.0,0.0,0.0,0.0,0.0,0.0,0.0,0.0,,,7,Private Hospital,Private,True,False,False
896.0,1005.0,Mashonaland West,Makonde,29.6563892365,-17.68833,0.0,1998.0,Ruweni,8,0.0,Under Construction,0.0,0.0,0.0,0.0,0.0,0.0,0.0,0.0,0.0,0.0,0.0,0.0,0.0,0.0,0.0,0.0,0.0,0.0,0.0,0.0,0.0,0.0,0.0,0.0,0.0,0.0,0.0,0.0,0.0,,,8,Under Construction,Non-operational/Not yet open,False,True,False
905.0,1225.0,Mashonaland West,Makonde,30.19376,-17.36,0.0,2007.0,Chinhoyi Health Center,7,0.0,Clinic Private Clinic,1.0,1.0,0.0,0.0,0.0,0.0,0.0,0.0,0.0,0.0,0.0,3.0,0.0,1.0,1.0,0.0,1.0,0.0,0.0,1.0,0.0,0.0,1.0,0.0,1.0,0.0,0.0,0.0,0.0,,,7,Clinic Private Clinic,Private,True,False,False
907.0,1227.0,Mashonaland West,Makonde,30.19105,-17.36026,1151.0,2007.0,Premier Medical Centre,7,2003.0,Clinic,1.0,2.0,0.0,0.0,0.0,0.0,0.0,0.0,0.0,0.0,0.0,3.0,0.0,1.0,1.0,0.0,1.0,0.0,0.0,1.0,0.0,0.0,1.0,0.0,1.0,0.0,0.0,0.0,0.0,,,7,Clinic,Private,True,False,False
908.0,1228.0,Mashonaland West,Makonde,30.19099,-17.36027,1156.0,2007.0,Chitambo,7,0.0,Clinic,1.0,1.0,0.0,0.0,0.0,0.0,0.0,0.0,0.0,0.0,0.0,3.0,0.0,1.0,1.0,0.0,1.0,0.0,0.0,1.0,0.0,0.0,1.0,0.0,1.0,0.0,0.0,0.0,0.0,,,7,Clinic,Private,True,False,False
921.0,312.0,Manicaland,Makoni,32.2717208862,-18.23656,0.0,1998.0,Era Mine,7,0.0,Mine Clinic,0.0,0.0,0.0,0.0,0.0,0.0,0.0,0.0,0.0,0.0,0.0,0.0,0.0,0.0,0.0,0.0,0.0,0.0,0.0,0.0,0.0,0.0,0.0,0.0,0.0,0.0,0.0,0.0,0.0,,,7,Mine Clinic,Private,True,False,False
976.0,53.0,Mashonaland East,Marondera,31.5414390564,-18.18464,0.0,1998.0,Borrandile,7,0.0,Private Hospital,0.0,0.0,0.0,0.0,0.0,0.0,0.0,0.0,0.0,0.0,0.0,0.0,0.0,0.0,0.0,0.0,0.0,0.0,0.0,0.0,0.0,0.0,0.0,0.0,0.0,0.0,0.0,0.0,0.0,,,7,Private Hospital,Private,True,False,False
992.0,1481.0,Mashonaland East,Marondera,31.43256,-18.18013,0.0,2007.0,Prison,7,0.0,Clinic,0.0,5.0,5.0,0.0,0.0,0.0,0.0,1.0,1.0,0.0,1500.0,17.0,0.0,1.0,1.0,0.0,1.0,0.0,0.0,1.0,0.0,0.0,0.0,1.0,1.0,1.0,0.0,0.0,0.0,,Clinic,7,Clinic,Private,True,False,False
1024.0,973.0,Masvingo,Masvingo,31.1705303192,-20.63819,0.0,1998.0,Renco,7,0.0,Mine Clinic,0.0,0.0,0.0,0.0,0.0,0.0,0.0,0.0,0.0,0.0,0.0,0.0,0.0,0.0,0.0,0.0,0.0,0.0,0.0,0.0,0.0,0.0,0.0,0.0,0.0,0.0,0.0,0.0,0.0,,,7,Mine Clinic,Private,True,False,False
1032.0,1308.0,Masvingo,Masvingo,30.84577,-20.6535,0.0,2007.0,ZRP Masvingo,5,1985.0,Clinic,0.0,3.0,4.0,0.0,1.0,0.0,0.0,2.0,0.0,2.0,7500.0,2.0,1.0,1.0,1.0,0.0,0.0,0.0,0.0,1.0,0.0,0.0,0.0,1.0,0.0,1.0,0.0,0.0,0.0,,,5,Clinic,"Excluded - restricted access (prison/police, not public)",False,False,False
1040.0,1295.0,Masvingo,Masvingo,30.85123,-20.04052,1227.0,2007.0,ZNA Batallion,7,0.0,Clinic,0.0,0.0,0.0,0.0,0.0,0.0,0.0,0.0,0.0,0.0,0.0,0.0,0.0,0.0,0.0,0.0,0.0,0.0,0.0,0.0,0.0,0.0,0.0,0.0,0.0,0.0,0.0,0.0,0.0,,Clinic,7,Clinic,Private,True,False,False
1041.0,1249.0,Matebeleland South,Matobo,28.35322,-21.39627,901.0,2007.0,Sigangatsha,8,1970.0,Clinic(Not Open),0.0,0.0,0.0,0.0,0.0,0.0,0.0,0.0,0.0,0.0,0.0,0.0,0.0,0.0,0.0,0.0,0.0,0.0,0.0,0.0,1.0,0.0,0.0,0.0,0.0,0.0,0.0,0.0,0.0,Not opened still to be renovated,,8,Clinic(Not Open),Non-operational/Not yet open,False,True,False
1042.0,1268.0,Matebeleland South,Matobo,28.25848,-20.67242,1170.0,2007.0,Fumugwe,8,0.0,(New Site),0.0,0.0,0.0,0.0,0.0,0.0,0.0,0.0,0.0,0.0,0.0,0.0,0.0,0.0,0.0,0.0,0.0,0.0,0.0,0.0,0.0,0.0,0.0,0.0,0.0,0.0,0.0,0.0,0.0,Site identified and bricks present -Construction has not started,New,8,(New Site),Non-operational/Not yet open,False,True,False
1043.0,1269.0,Matebeleland South,Matobo,28.49899,-20.25333,1432.0,2007.0,Hlekweni,7,1990.0,Clinic,0.0,0.0,0.0,0.0,0.0,0.0,0.0,0.0,0.0,0.0,0.0,100.0,0.0,0.0,1.0,0.0,1.0,0.0,0.0,1.0,0.0,0.0,0.0,1.0,0.0,1.0,0.0,0.0,0.0,"Not open build in 1990,Staff and administration problems",,7,Clinic,Private,True,False,False
1080.0,0.0,Masonaland Central,Mazowe,30.9238,-17.6031,0.0,2013.0,Mazoe ,Prison,0.0,Clinic,0.0,3.0,0.0,0.0,0.0,0.0,0.0,0.0,0.0,0.0,0.0,0.0,0.0,0.0,1.0,0.0,1.0,0.0,0.0,1.0,1.0,0.0,0.0,1.0,0.0,1.0,0.0,0.0,0.0,,,Prison,Clinic,"Excluded - restricted access (prison/police, not public)",False,False,False
1087.0,245.0,Midlands,Mberengwa,29.868719101,-20.48608,0.0,1998.0,C-Mine,7,0.0,Private Clinic,0.0,0.0,0.0,0.0,0.0,0.0,0.0,0.0,0.0,0.0,0.0,0.0,0.0,0.0,0.0,0.0,0.0,0.0,0.0,0.0,0.0,0.0,0.0,0.0,0.0,0.0,0.0,0.0,0.0,,,7,Private Clinic,Private,True,False,False
1119.0,64.0,Mashonaland Central,Mt Darwin,31.7872505188,-16.56939,0.0,1998.0,Bveke,8,0.0,New Not Open,0.0,0.0,0.0,0.0,0.0,0.0,0.0,0.0,0.0,0.0,0.0,0.0,0.0,0.0,0.0,0.0,0.0,0.0,0.0,0.0,0.0,0.0,0.0,0.0,0.0,0.0,0.0,0.0,0.0,,,8,New Not Open,Non-operational/Not yet open,False,True,False
1135.0,0.0,Mashonaland Central,Mt Darwin,31.5761,-16.7799,0.0,2013.0,Mt Darwin, ZPS ,2005.0,Clinic,0.0,2.0,0.0,0.0,0.0,0.0,0.0,0.0,0.0,0.0,100.0,2.0,0.0,0.0,1.0,0.0,1.0,0.0,0.0,0.0,0.0,0.0,0.0,0.0,0.0,0.0,0.0,0.0,0.0,,,ZPS,Clinic,"Excluded - restricted access (prison/police, not public)",False,False,False
1179.0,1470.0,Mashonaland East,Murehwa,31.58967,-17.76112,0.0,2007.0,Nehoreka,7,2006.0,Private Clinic,0.0,1.0,1.0,0.0,0.0,0.0,0.0,4.0,0.0,4.0,4000.0,1.0,0.0,1.0,0.0,1.0,1.0,0.0,0.0,0.0,1.0,0.0,0.0,0.0,0.0,1.0,0.0,0.0,0.0,,,7,Private Clinic,Private,True,False,False
1192.0,0.0,Mashonaland East,Murehwa,31.789,-17.6546,0.0,2013.0,Murehwa, ZRP ,0.0,Clinic,1.0,4.0,2.0,0.0,0.0,0.0,0.0,2.0,0.0,0.0,1916.0,3.0,0.0,0.0,1.0,0.0,1.0,0.0,0.0,1.0,0.0,0.0,0.0,1.0,0.0,1.0,0.0,0.0,0.0,,,ZRP,Clinic,"Excluded - restricted access (prison/police, not public)",False,False,False
1199.0,67.0,Manicaland,Mutare,32.8199386597,-19.05786,0.0,1998.0,Bvumba,7,0.0,Private Clinic,0.0,0.0,0.0,0.0,0.0,0.0,0.0,0.0,0.0,0.0,0.0,0.0,0.0,0.0,0.0,0.0,0.0,0.0,0.0,0.0,0.0,0.0,0.0,0.0,0.0,0.0,0.0,0.0,0.0,,,7,Private Clinic,Private,True,False,False
1209.0,210.0,Manicaland,Mutare,32.6231384277,-19.34144,0.0,1998.0,Chitora,8,0.0,Under Construction,0.0,0.0,0.0,0.0,0.0,0.0,0.0,0.0,0.0,0.0,0.0,0.0,0.0,0.0,0.0,0.0,0.0,0.0,0.0,0.0,0.0,0.0,0.0,0.0,0.0,0.0,0.0,0.0,0.0,,,8,Under Construction,Non-operational/Not yet open,False,True,False
1242.0,1415.0,Manicaland,Mutare,32.62321,-19.32544,0.0,2007.0,Chitora,7,1999.0,Clinic,0.0,2.0,2.0,0.0,1.0,0.0,0.0,4.0,2.0,2.0,10000.0,55.0,0.0,0.0,1.0,0.0,0.0,1.0,15.0,1.0,1.0,1.0,0.0,1.0,0.0,1.0,1.0,1.0,0.0,,,7,Clinic,Private,True,False,False
1243.0,1416.0,Manicaland,Mutare,32.40403,-19.24827,0.0,2007.0,Matanda,7,1998.0,Rural Health Centre,0.0,1.0,1.0,1.0,1.0,0.0,0.0,11.0,2.0,9.0,8904.0,57.0,0.0,1.0,1.0,0.0,1.0,0.0,0.0,1.0,1.0,1.0,0.0,1.0,0.0,1.0,1.0,1.0,0.0,,,7,Rural Health Centre,Private,True,False,False
1244.0,1417.0,Manicaland,Mutare,32.36755,-18.97483,0.0,2007.0,ARDA Odzi,7,2004.0,Clinic,0.0,1.0,2.0,0.0,0.0,0.0,0.0,3.0,0.0,3.0,1000.0,35.0,0.0,1.0,1.0,0.0,1.0,0.0,0.0,1.0,1.0,1.0,1.0,1.0,0.0,1.0,1.0,0.0,0.0,,,7,Clinic,Private,True,False,False
1245.0,1418.0,Manicaland,Mutare,32.81328,-19.04207,0.0,2007.0,Vumba,7,1989.0,Clinic,0.0,1.0,1.0,0.0,0.0,0.0,0.0,0.0,0.0,0.0,1000.0,36.0,0.0,0.0,1.0,0.0,1.0,0.0,0.0,1.0,1.0,1.0,0.0,1.0,0.0,1.0,1.0,1.0,0.0,,,7,Clinic,Private,True,False,False
1248.0,10.0,Manicaland,Mutasa,32.9671096802,-18.30217,0.0,1998.0,Arbourfoyle,7,0.0,Private Clinic,0.0,0.0,0.0,0.0,0.0,0.0,0.0,0.0,0.0,0.0,0.0,0.0,0.0,0.0,0.0,0.0,0.0,0.0,0.0,0.0,0.0,0.0,0.0,0.0,0.0,0.0,0.0,0.0,0.0,,,7,Private Clinic,Private,True,False,False
1254.0,303.0,Manicaland,Mutasa,32.9681396484,-18.34042,0.0,1998.0,Eastern,7,0.0,Private-Tanganda,0.0,0.0,0.0,0.0,0.0,0.0,0.0,0.0,0.0,0.0,0.0,0.0,0.0,0.0,0.0,0.0,0.0,0.0,0.0,0.0,0.0,0.0,0.0,0.0,0.0,0.0,0.0,0.0,0.0,,,7,Private-Tanganda,Private,True,False,False
1255.0,304.0,Manicaland,Mutasa,32.9173583984,-18.35033,0.0,1998.0,Eastern Highlands1,7,0.0,Private-Tanganda,0.0,0.0,0.0,0.0,0.0,0.0,0.0,0.0,0.0,0.0,0.0,0.0,0.0,0.0,0.0,0.0,0.0,0.0,0.0,0.0,0.0,0.0,0.0,0.0,0.0,0.0,0.0,0.0,0.0,,,7,Private-Tanganda,Private,True,False,False
1256.0,305.0,Manicaland,Mutasa,32.9518089294,-18.35414,0.0,1998.0,Eastern Highlands5,7,0.0,Private-Tanganda,0.0,0.0,0.0,0.0,0.0,0.0,0.0,0.0,0.0,0.0,0.0,0.0,0.0,0.0,0.0,0.0,0.0,0.0,0.0,0.0,0.0,0.0,0.0,0.0,0.0,0.0,0.0,0.0,0.0,,,7,Private-Tanganda,Private,True,False,False
1257.0,323.0,Manicaland,Mutasa,32.6233596802,-18.93539,0.0,1998.0,Fitc,7,0.0,Private-Forestry,0.0,0.0,0.0,0.0,0.0,0.0,0.0,0.0,0.0,0.0,0.0,0.0,0.0,0.0,0.0,0.0,0.0,0.0,0.0,0.0,0.0,0.0,0.0,0.0,0.0,0.0,0.0,0.0,0.0,,,7,Private-Forestry,Private,True,False,False
1265.0,493.0,Manicaland,Mutasa,33.0345306396,-18.37128,0.0,1998.0,Katiyo,7,0.0,Private-Tanganda,0.0,0.0,0.0,0.0,0.0,0.0,0.0,0.0,0.0,0.0,0.0,0.0,0.0,0.0,0.0,0.0,0.0,0.0,0.0,0.0,0.0,0.0,0.0,0.0,0.0,0.0,0.0,0.0,0.0,,,7,Private-Tanganda,Private,True,False,False
1276.0,971.0,Manicaland,Mutasa,32.6721382141,-18.871,0.0,1998.0,Red Wing,7,0.0,Private-Mine,0.0,0.0,0.0,0.0,0.0,0.0,0.0,0.0,0.0,0.0,0.0,0.0,0.0,0.0,0.0,0.0,0.0,0.0,0.0,0.0,0.0,0.0,0.0,0.0,0.0,0.0,0.0,0.0,0.0,,,7,Private-Mine,Private,True,False,False
1285.0,1029.0,Manicaland,Mutasa,32.6576385498,-18.53556,0.0,1998.0,Selbourne,7,0.0,Private-Waltle Company,0.0,0.0,0.0,0.0,0.0,0.0,0.0,0.0,0.0,0.0,0.0,0.0,0.0,0.0,0.0,0.0,0.0,0.0,0.0,0.0,0.0,0.0,0.0,0.0,0.0,0.0,0.0,0.0,0.0,,,7,Private-Waltle Company,Private,True,False,False
1286.0,1046.0,Manicaland,Mutasa,32.8048095703,-18.77103,0.0,1998.0,Sheba,7,0.0,Private-Border Timbers,0.0,0.0,0.0,0.0,0.0,0.0,0.0,0.0,0.0,0.0,0.0,0.0,0.0,0.0,0.0,0.0,0.0,0.0,0.0,0.0,0.0,0.0,0.0,0.0,0.0,0.0,0.0,0.0,0.0,,,7,Private-Border Timbers,Private,True,False,False
1291.0,1103.0,Manicaland,Mutasa,32.821811676,-18.74047,0.0,1998.0,Stapleford,7,0.0,Private-Forestry,0.0,0.0,0.0,0.0,0.0,0.0,0.0,0.0,0.0,0.0,0.0,0.0,0.0,0.0,0.0,0.0,0.0,0.0,0.0,0.0,0.0,0.0,0.0,0.0,0.0,0.0,0.0,0.0,0.0,,,7,Private-Forestry,Private,True,False,False
1296.0,1446.0,Manicaland,Mutasa,32.70662,-18.76903,0.0,2007.0,Drennan,7,0.0,Clinic,0.0,1.0,1.0,0.0,0.0,0.0,0.0,0.0,0.0,0.0,400.0,0.0,1.0,0.0,1.0,0.0,1.0,0.0,0.0,1.0,1.0,1.0,0.0,1.0,0.0,1.0,1.0,1.0,0.0,,Clinic,7,Clinic,Private,True,False,False
1297.0,1447.0,Manicaland,Mutasa,32.75301,-18.74492,0.0,2007.0,Dunsinane,7,2003.0,Clinic,0.0,1.0,1.0,0.0,0.0,0.0,0.0,0.0,0.0,0.0,912.0,100.0,1.0,1.0,1.0,0.0,1.0,0.0,0.0,1.0,1.0,1.0,0.0,1.0,0.0,1.0,1.0,1.0,0.0,,Clinic,7,Clinic,Private,True,False,False
1298.0,1449.0,Manicaland,Mutasa,32.72091,-18.91068,0.0,2007.0,Imbeza,7,0.0,Clinic,0.0,1.0,1.0,0.0,0.0,0.0,0.0,0.0,0.0,0.0,2956.0,40.0,0.0,0.0,0.0,0.0,1.0,0.0,0.0,0.0,0.0,0.0,0.0,0.0,0.0,0.0,0.0,0.0,0.0,,Clinic,7,Clinic,Private,True,False,False
1322.0,1461.0,Mashonaland East,Mutoko,32.27008,-17.41193,0.0,2007.0,Tony Yeatman,7,2000.0,Clinic,1.0,2.0,1.0,0.0,0.0,0.0,0.0,4.0,0.0,4.0,500.0,3.0,0.0,1.0,1.0,1.0,1.0,0.0,0.0,1.0,0.0,0.0,0.0,1.0,0.0,1.0,0.0,0.0,0.0,,Clinic,7,Clinic,Private,True,False,False
1328.0,0.0,Mashonaland East,Mutoko,32.2192,-17.4088,0.0,2013.0,Mutoko ,Prison ,0.0,Clinic,0.0,5.0,1.0,0.0,0.0,1.0,0.0,2.0,0.0,0.0,600.0,5.0,0.0,0.0,1.0,0.0,1.0,0.0,0.0,1.0,1.0,0.0,0.0,1.0,0.0,1.0,0.0,0.0,0.0,,,Prison,Clinic,"Excluded - restricted access (prison/police, not public)",False,False,False
1348.0,1001.0,Masvingo,Mwenezi,30.7433300018,-21.25361,0.0,1998.0,Rutenga RWS,7,0.0,Railways-clinic,0.0,0.0,0.0,0.0,0.0,0.0,0.0,0.0,0.0,0.0,0.0,0.0,0.0,0.0,0.0,0.0,0.0,0.0,0.0,0.0,0.0,0.0,0.0,0.0,0.0,0.0,0.0,0.0,0.0,,,7,Railways-clinic,Private,True,False,False
1351.0,1296.0,Masvingo,Mwenezi,30.89483,-20.96429,516.0,2007.0,Petronella,8,0.0,Rural Health Centre(not operational),0.0,0.0,0.0,0.0,0.0,0.0,0.0,0.0,0.0,0.0,0.0,0.0,0.0,0.0,0.0,0.0,0.0,0.0,0.0,0.0,0.0,0.0,0.0,0.0,0.0,0.0,0.0,0.0,0.0,,,8,Rural Health Centre(not operational),Non-operational/Not yet open,False,True,False
1352.0,1297.0,Masvingo,Mwenezi,30.81042,-21.08266,534.0,2007.0,Maryvale,8,0.0,Rural Health Centre(not operating),0.0,0.0,0.0,0.0,0.0,0.0,0.0,0.0,0.0,0.0,0.0,0.0,0.0,0.0,0.0,0.0,0.0,0.0,0.0,0.0,0.0,0.0,0.0,0.0,0.0,0.0,0.0,0.0,0.0,,,8,Rural Health Centre(not operating),Non-operational/Not yet open,False,True,False
1373.0,313.0,Manicaland,Nyanga,32.7022209167,-18.3835,0.0,1998.0,Erin,7,0.0,Forestry-Private,0.0,0.0,0.0,0.0,0.0,0.0,0.0,0.0,0.0,0.0,0.0,0.0,0.0,0.0,0.0,0.0,0.0,0.0,0.0,0.0,0.0,0.0,0.0,0.0,0.0,0.0,0.0,0.0,0.0,,,7,Forestry-Private,Private,True,False,False
1377.0,475.0,Manicaland,Nyanga,32.8679695129,-17.78936,0.0,1998.0,Kambudzi,8,0.0,Conucil Not Open,0.0,0.0,0.0,0.0,0.0,0.0,0.0,0.0,0.0,0.0,0.0,0.0,0.0,0.0,0.0,0.0,0.0,0.0,0.0,0.0,0.0,0.0,0.0,0.0,0.0,0.0,0.0,0.0,0.0,,,8,Conucil Not Open,Non-operational/Not yet open,False,True,False
1385.0,916.0,Manicaland,Nyanga,32.785358429,-18.02061,0.0,1998.0,Nyangui,7,0.0,Forestry-Private,0.0,0.0,0.0,0.0,0.0,0.0,0.0,0.0,0.0,0.0,0.0,0.0,0.0,0.0,0.0,0.0,0.0,0.0,0.0,0.0,0.0,0.0,0.0,0.0,0.0,0.0,0.0,0.0,0.0,,,7,Forestry-Private,Private,True,False,False
1393.0,1455.0,Manicaland,Nyanga,32.75299,-18.4579,0.0,2007.0,Mutarazi,7,1998.0,Clinic,0.0,1.0,1.0,0.0,0.0,0.0,0.0,0.0,0.0,0.0,500.0,44.0,0.0,1.0,1.0,0.0,1.0,0.0,0.0,1.0,1.0,1.0,0.0,1.0,0.0,1.0,0.0,0.0,0.0,,Clinic,7,Clinic,Private,True,False,False
1394.0,1432.0,Manicaland,Nyanga,32.70164,-18.32787,0.0,2007.0,Claremont,7,0.0,Clinic,0.0,2.0,0.0,0.0,0.0,0.0,0.0,0.0,0.0,0.0,0.0,0.0,0.0,1.0,1.0,0.0,1.0,0.0,0.0,1.0,1.0,1.0,0.0,1.0,0.0,1.0,1.0,1.0,0.0,,Clinic,7,Clinic,Private,True,False,False
1437.0,555.0,Mashonaland Central,Shamva,31.6582794189,-17.06986,0.0,1998.0,Madziwa,7,0.0,Mine Clinic,0.0,0.0,0.0,0.0,0.0,0.0,0.0,0.0,0.0,0.0,0.0,0.0,0.0,0.0,0.0,0.0,0.0,0.0,0.0,0.0,0.0,0.0,0.0,0.0,0.0,0.0,0.0,0.0,0.0,,,7,Mine Clinic,Private,True,False,False
1441.0,1041.0,Mashonaland Central,Shamva,31.6576900482,-17.25022,0.0,1998.0,Shamva,7,0.0,Farm Health Clinic,0.0,0.0,0.0,0.0,0.0,0.0,0.0,0.0,0.0,0.0,0.0,0.0,0.0,0.0,0.0,0.0,0.0,0.0,0.0,0.0,0.0,0.0,0.0,0.0,0.0,0.0,0.0,0.0,0.0,,,7,Farm Health Clinic,Private,True,False,False
1473.0,1355.0,Midlands,Shurugwi,30.01086,-19.71792,1357.0,2007.0,Peak Mine,7,1945.0,Clinic,0.0,2.0,1.0,0.0,0.0,0.0,0.0,2.0,0.0,2.0,500.0,14.0,0.0,1.0,1.0,0.0,1.0,0.0,0.0,1.0,0.0,0.0,1.0,0.0,1.0,0.0,1.0,0.0,0.0,,,7,Clinic,Private,True,False,False
1474.0,1356.0,Midlands,Shurugwi,29.99334,-19.65205,1509.0,2007.0,Chrome Mines,7,1980.0,Hospital,3.0,20.0,2.0,0.0,0.0,1.0,0.0,55.0,4.0,51.0,4000.0,35.0,1.0,1.0,1.0,0.0,1.0,0.0,0.0,1.0,0.0,0.0,0.0,1.0,1.0,0.0,1.0,0.0,1.0,,,7,Hospital,Private,True,False,False
1475.0,1357.0,Midlands,Shurugwi,30.00893,-19.67355,1432.0,2007.0,Ironsides,7,1980.0,Clinic,0.0,2.0,0.0,0.0,0.0,0.0,0.0,1.0,0.0,1.0,0.0,6.0,0.0,1.0,1.0,0.0,1.0,0.0,0.0,1.0,0.0,0.0,0.0,0.0,0.0,0.0,1.0,0.0,0.0,,,7,Clinic,Private,True,False,False
1479.0,482.0,Matebeleland North,Tsholotsho,27.5174999237,-19.26056,0.0,1998.0,Kapane,8,0.0,Not Open,0.0,0.0,0.0,0.0,0.0,0.0,0.0,0.0,0.0,0.0,0.0,0.0,0.0,0.0,0.0,0.0,0.0,0.0,0.0,0.0,0.0,0.0,0.0,0.0,0.0,0.0,0.0,0.0,0.0,,,8,Not Open,Non-operational/Not yet open,False,True,False
1491.0,1294.0,Matebeleland North,Tsholotsho,27.27332,-19.45289,989.0,2007.0,Bemba,7,2006.0,Conucil Not Open,0.0,0.0,0.0,0.0,0.0,0.0,0.0,0.0,0.0,0.0,2000.0,20.0,0.0,0.0,0.0,0.0,0.0,0.0,0.0,0.0,0.0,0.0,0.0,0.0,0.0,0.0,0.0,0.0,0.0,Awaiting Opening,,7,Conucil Not Open,Non-operational/Not yet open,False,True,False
1493.0,1292.0,Matebeleland North,Tsholotsho,27.80185,-20.0903,1246.0,2007.0,Chefunye,8,2006.0,Council Clinic(Construction),0.0,0.0,0.0,0.0,0.0,0.0,0.0,0.0,0.0,0.0,0.0,0.0,0.0,0.0,0.0,0.0,0.0,0.0,0.0,0.0,0.0,0.0,0.0,0.0,0.0,0.0,0.0,0.0,0.0,Under construction,,8,Council Clinic(Construction),Non-operational/Not yet open,False,True,False
1494.0,1293.0,Matebeleland North,Tsholotsho,27.18993,-19.48617,0.0,2007.0,Samahuru,7,2006.0,Clinic,0.0,0.0,0.0,0.0,0.0,0.0,0.0,0.0,0.0,0.0,0.0,0.0,0.0,0.0,0.0,0.0,0.0,0.0,0.0,0.0,0.0,0.0,0.0,0.0,0.0,0.0,0.0,0.0,0.0,Complete awaiting opening,Clinic,7,Clinic,Private,True,False,False
1506.0,957.0,Matebeleland North,Umguza,28.576669693,-20.15528,0.0,1998.0,PMD,9,0.0,Matebeleland North,0.0,0.0,0.0,0.0,0.0,0.0,0.0,0.0,0.0,0.0,0.0,0.0,0.0,0.0,0.0,0.0,0.0,0.0,0.0,0.0,0.0,0.0,0.0,0.0,0.0,0.0,0.0,0.0,0.0,,,9,Matebeleland North,Admin office (not a facility),False,True,False
1507.0,1149.0,Matebeleland North,Umguza,28.6849994659,-20.11861,0.0,1998.0,Unicem,7,0.0,Private Clinic,0.0,0.0,0.0,0.0,0.0,0.0,0.0,0.0,0.0,0.0,0.0,0.0,0.0,0.0,0.0,0.0,0.0,0.0,0.0,0.0,0.0,0.0,0.0,0.0,0.0,0.0,0.0,0.0,0.0,,,7,Private Clinic,Private,True,False,False
1525.0,337.0,Mashonaland East,Ump,32.0991706848,-16.99611,0.0,1998.0,Gaula,8,0.0,Clinic(Not Open),0.0,0.0,0.0,0.0,0.0,0.0,0.0,0.0,0.0,0.0,0.0,0.0,0.0,0.0,0.0,0.0,0.0,0.0,0.0,0.0,0.0,0.0,0.0,0.0,0.0,0.0,0.0,0.0,0.0,,,8,Clinic(Not Open),Non-operational/Not yet open,False,True,False
1542.0,1255.0,Matebeleland North,Umzingwane,28.94167,-20.34218,1205.0,2007.0,Umzingwane High School,7,0.0,School Clinic,0.0,1.0,1.0,2.0,0.0,0.0,0.0,1.0,0.0,1.0,3014.0,7.0,0.0,1.0,1.0,0.0,1.0,0.0,0.0,1.0,0.0,1.0,0.0,1.0,1.0,0.0,1.0,0.0,0.0,,,7,School Clinic,Private,True,False,False
1543.0,1256.0,Matebeleland North,Umzingwane,29.03401,-20.45149,1129.0,2007.0,Mbalambala,7,1960.0,Army Clinic,0.0,2.0,0.0,0.0,1.0,0.0,0.0,10.0,0.0,10.0,2958.0,23.0,0.0,1.0,1.0,0.0,1.0,0.0,0.0,1.0,0.0,0.0,0.0,1.0,1.0,0.0,0.0,0.0,0.0,,Millitary Clinic,7,Army Clinic,Private,True,False,False
1569.0,70.0,Mashonaland West,Zvimba,30.6811103821,-17.27111,0.0,1998.0,Caesal,7,0.0,Mine Clinic,0.0,0.0,0.0,0.0,0.0,0.0,0.0,0.0,0.0,0.0,0.0,0.0,0.0,0.0,0.0,0.0,0.0,0.0,0.0,0.0,0.0,0.0,0.0,0.0,0.0,0.0,0.0,0.0,0.0,,,7,Mine Clinic,Private,True,False,False
1570.0,80.0,Mashonaland West,Zvimba,30.3799991608,-17.18056,0.0,1998.0,Chambadzi,7,0.0,Gold Mine Clinic,0.0,0.0,0.0,0.0,0.0,0.0,0.0,0.0,0.0,0.0,0.0,0.0,0.0,0.0,0.0,0.0,0.0,0.0,0.0,0.0,0.0,0.0,0.0,0.0,0.0,0.0,0.0,0.0,0.0,,,7,Gold Mine Clinic,Private,True,False,False
1579.0,457.0,Mashonaland West,Zvimba,30.1155605316,-17.75417,0.0,1998.0,Jokwani,8,0.0,Council Clinic(Construction),0.0,0.0,0.0,0.0,0.0,0.0,0.0,0.0,0.0,0.0,0.0,0.0,0.0,0.0,0.0,0.0,0.0,0.0,0.0,0.0,0.0,0.0,0.0,0.0,0.0,0.0,0.0,0.0,0.0,,,8,Council Clinic(Construction),Non-operational/Not yet open,False,True,False
1582.0,1189.0,Mashonaland West,Zvimba,30.5091705322,-17.84139,0.0,1998.0,ZIMPAM,7,0.0,Private Hospital,0.0,0.0,0.0,0.0,0.0,0.0,0.0,0.0,0.0,0.0,0.0,0.0,0.0,0.0,0.0,0.0,0.0,0.0,0.0,0.0,0.0,0.0,0.0,0.0,0.0,0.0,0.0,0.0,0.0,,,7,Private Hospital,Private,True,False,False
1587.0,761.0,Mashonaland West,Zvimba,30.6000003815,-17.24556,0.0,1998.0,Muriel,5,0.0,Mine Clinic,0.0,0.0,0.0,0.0,0.0,0.0,0.0,0.0,0.0,0.0,0.0,0.0,0.0,0.0,0.0,0.0,0.0,0.0,0.0,0.0,0.0,0.0,0.0,0.0,0.0,0.0,0.0,0.0,0.0,,,5,Mine Clinic,Private (mine/company),True,False,False
1588.0,763.0,Mashonaland West,Zvimba,30.2011108398,-17.70722,0.0,1998.0,Murombedzi,7,0.0,Private Clinic,0.0,0.0,0.0,0.0,0.0,0.0,0.0,0.0,0.0,0.0,0.0,0.0,0.0,0.0,0.0,0.0,0.0,0.0,0.0,0.0,0.0,0.0,0.0,0.0,0.0,0.0,0.0,0.0,0.0,,,7,Private Clinic,Private,True,False,False
1592.0,1108.0,Mashonaland West,Zvimba,30.5927791595,-17.40056,0.0,1998.0,Sutton,7,0.0,Mine Clinic,0.0,0.0,0.0,0.0,0.0,0.0,0.0,0.0,0.0,0.0,0.0,0.0,0.0,0.0,0.0,0.0,0.0,0.0,0.0,0.0,0.0,0.0,0.0,0.0,0.0,0.0,0.0,0.0,0.0,,,7,Mine Clinic,Private,True,False,False
1595.0,1152.0,Mashonaland West,Zvimba,30.7183303833,-17.08694,0.0,1998.0,Vanad,5,0.0,Mine Clinic,0.0,0.0,0.0,0.0,0.0,0.0,0.0,0.0,0.0,0.0,0.0,0.0,0.0,0.0,0.0,0.0,0.0,0.0,0.0,0.0,0.0,0.0,0.0,0.0,0.0,0.0,0.0,0.0,0.0,,,5,Mine Clinic,Private (mine/company),True,False,False
1614.0,1360.0,Midlands,Zvishavane,29.79052,-20.27637,1076.0,2007.0,Mhondongori,7,0.0,clinic,0.0,0.0,0.0,0.0,0.0,0.0,0.0,0.0,0.0,0.0,0.0,0.0,0.0,0.0,0.0,0.0,0.0,0.0,0.0,0.0,0.0,0.0,0.0,0.0,0.0,0.0,0.0,0.0,0.0,,,7,clinic,Private,True,False,False
1616.0,1362.0,Midlands,Zvishavane,30.13646,-20.39601,847.0,2007.0,Sabi Mine,7,1980.0,Clinic,0.0,2.0,1.0,0.0,0.0,0.0,0.0,4.0,1.0,3.0,500.0,15.0,0.0,1.0,1.0,0.0,1.0,0.0,0.0,1.0,0.0,0.0,0.0,1.0,0.0,1.0,1.0,0.0,0.0,,,7,Clinic,Private,True,False,False
1620.0,1366.0,Midlands,Zvishavane,30.06882,-20.31849,957.0,2007.0,Maglas,7,1986.0,Clinic,0.0,4.0,1.0,0.0,0.0,0.0,0.0,0.0,0.0,0.0,8385.0,1.0,0.0,1.0,1.0,0.0,1.0,0.0,0.0,1.0,0.0,0.0,0.0,1.0,1.0,0.0,0.0,0.0,0.0,,Clinic,7,Clinic,Private,True,False,False
1621.0,1367.0,Midlands,Zvishavane,30.06206,-20.32071,955.0,2007.0,Shabanie Mine,7,1915.0,Hospital,2.0,30.0,15.0,0.0,0.0,1.0,1.0,150.0,10.0,140.0,15000.0,186.0,0.0,1.0,0.0,0.0,0.0,0.0,0.0,1.0,0.0,0.0,0.0,1.0,1.0,0.0,1.0,0.0,1.0,,,7,Hospital,Private,True,False,False
1625.0,0.0,Manicaland,Bulawayo,28.6104,-20.1863,0.0,2013.0,Premier Hillside ,Private,0.0,Hospital,,,,,,,,,,,,,,,,,,,,,,,,,,,,,,,,Private,Hospital,Private,True,False,False
1626.0,0.0,Manicaland,Bulawayo,28.62,-20.1815,0.0,2013.0,J.M Nkomo Ekusileni,Private,0.0,Hospital,,,,,,,,,,,,,,,,,,,,,,,,,,,,,,,,Private,Hospital,Private,True,False,False
1630.0,0.0,Manicaland,Bulawayo,28.5277,-20.1959,0.0,2013.0,24-Hr Medical centre,Private,0.0,Clinic,,,,,,,,,,,,,,,,,,,,,,,,,,,,,,,,Private,Clinic,Private,True,False,False
1640.0,0.0,Manicaland,Bulawayo,28.5193,-20.0781,0.0,2013.0,Thembani,Private,0.0,Clinic,,,,,,,,,,,,,,,,,,,,,,,,,,,,,,,,Private,Clinic,Private,True,False,False
1641.0,0.0,Manicaland,Bulawayo,28.4951,-20.1222,0.0,2013.0,Magwegwe North,Private,0.0,Clinic,,,,,,,,,,,,,,,,,,,,,,,,,,,,,,,,Private,Clinic,Private,True,False,False
1642.0,0.0,Manicaland,Bulawayo,28.5436,-20.1366,0.0,2013.0,Ambrose,Private,0.0,Hospital,,,,,,,,,,,,,,,,,,,,,,,,,,,,,,,,Private,Hospital,Private,True,False,False
1647.0,0.0,Manicaland,Bulawayo,28.5406,-20.1283,0.0,2013.0,Entumbane ,Private,0.0,Clinic,,,,,,,,,,,,,,,,,,,,,,,,,,,,,,,,Private,Clinic,Private,True,False,False
1654.0,0.0,Manicaland,Bulawayo,28.5808,-20.1647,0.0,2013.0,H&SC,Industrial,0.0,Clinic,,,,,,,,,,,,,,,,,,,,,,,,,,,,,,,,Industrial,Clinic,Private (company),True,False,False
1656.0,,Masvingo,Mwenezi,30.625022,-21.3625022,0.0,2013.0,Mwenezana,Private,,Clinic,,,,,,,,,,,,,,,,,,,,,,,,,,,,,,,,Private,Clinic,Private,True,False,False
1673.0,,Masvingo,Masvingo,31.037316,-20.104089,0.0,2013.0,Mutimurefu,Prison,,Clinic,,,,,,,,,,,,,,,,,,,,,,,,,,,,,,,,Prison,Clinic,"Excluded - restricted access (prison/police, not public)",False,False,False
1674.0,,Masvingo,Masvingo Urban,30.830665,-20.074458,0.0,2013.0,Makurira,Memorial,,Clinic,,,,,,,,,,,,,,,,,,,,,,,,,,,,,,,,Memorial,Clinic,Private (confirmed via lookup),True,False,False
1686.0,,Bulawayo,Bulawayo,28.59707948,-20.180525,,,Diagnostic Laboratories Services Mater Dei,,,,,,,,,,,,,,,,,,,,,,,,,,,,,,,,,,,,,Private (confirmed via lookup),True,False,False
1686.0,,Bulawayo,Bulawayo,28.58836271,-20.15620881,,,cimas,,,,,,,,,,,,,,,,,,,,,,,,,,,,,,,,,,,,,Private (confirmed via lookup),True,False,False
11.0,1203.0,Matebeleland South,Beitbridge,30.0051898956,-22.21992,0.0,1998.0,ZRP,5,0.0,Clinic,0.0,0.0,0.0,0.0,0.0,0.0,0.0,0.0,0.0,0.0,0.0,0.0,0.0,0.0,0.0,0.0,0.0,0.0,0.0,0.0,0.0,0.0,0.0,0.0,0.0,0.0,0.0,0,0.0,,,5,Clinic,"Excluded - restricted access (prison/police, not public)",False,False,False
55.0,1204.0,Mashonaland Central,Bindura,31.3288002014,-17.29583,0.0,1998.0,ZRP Bindura,5,0.0,Clinic,0.0,0.0,0.0,0.0,0.0,0.0,0.0,0.0,0.0,0.0,0.0,0.0,0.0,0.0,0.0,0.0,0.0,0.0,0.0,0.0,0.0,0.0,0.0,0.0,0.0,0.0,0.0,0,0.0,,,5,Clinic,"Excluded - restricted access (prison/police, not public)",False,False,False
61.0,1399.0,Mashonaland Central,Bindura,31.32885,-17.29495,0.0,2007.0,ZRP,5,1992.0,Clinic Private Clinic,0.0,3.0,1.0,0.0,0.0,0.0,0.0,2.0,0.0,2.0,4029.0,1.0,0.0,1.0,1.0,0.0,1.0,0.0,0.0,1.0,0.0,0.0,1.0,1.0,1.0,0.0,0.0,0,0.0,Visiting Doctor,,5,Clinic Private Clinic,"Excluded - restricted access (prison/police, not public)",False,False,False
246.0,1466.0,Mashonaland East,Chikomba,30.88971,-19.02226,0.0,2007.0,ZRP,5,0.0,Clinic,0.0,2.0,2.0,0.0,0.0,0.0,0.0,1.0,1.0,0.0,1213.0,1.0,0.0,1.0,1.0,0.0,1.0,0.0,0.0,1.0,0.0,0.0,0.0,1.0,1.0,0.0,0.0,0,0.0,,Clinic,5,Clinic,"Excluded - restricted access (prison/police, not public)",False,False,False
301.0,1205.0,Manicaland,Chipinge,32.6222190857,-20.19917,0.0,1998.0,ZRP-Chipinge,5,0.0,Clinic,0.0,0.0,0.0,0.0,0.0,0.0,0.0,0.0,0.0,0.0,0.0,0.0,0.0,0.0,0.0,0.0,0.0,0.0,0.0,0.0,0.0,0.0,0.0,0.0,0.0,0.0,0.0,0,0.0,,,5,Clinic,"Excluded - restricted access (prison/police, not public)",False,False,False
319.0,1420.0,Manicaland,Chipinge,32.37463,-19.96033,0.0,2007.0,ZRP Birchnough Bridge,5,2000.0,Clinic,0.0,1.0,0.0,0.0,0.0,0.0,0.0,0.0,0.0,0.0,1000.0,5.0,0.0,1.0,1.0,0.0,1.0,0.0,0.0,1.0,1.0,1.0,0.0,1.0,0.0,1.0,0.0,1,0.0,,,5,Clinic,"Excluded - restricted access (prison/police, not public)",False,False,False
341.0,1202.0,Masvingo,Chiredzi,31.6732807159,-21.03814,0.0,1998.0,ZRP,5,0.0,Clinic,0.0,0.0,0.0,0.0,0.0,0.0,0.0,0.0,0.0,0.0,0.0,0.0,0.0,0.0,0.0,0.0,0.0,0.0,0.0,0.0,0.0,0.0,0.0,0.0,0.0,0.0,0.0,0,0.0,,,5,Clinic,"Excluded - restricted access (prison/police, not public)",False,False,False
581.0,0.0,Matebeleland South,Gwanda,29.0124,-20.9373,0.0,2013.0,ZRP,0,0.0,ZRP clinic,0.0,0.0,0.0,0.0,0.0,0.0,0.0,0.0,0.0,0.0,0.0,0.0,0.0,0.0,0.0,0.0,0.0,0.0,0.0,0.0,0.0,0.0,0.0,0.0,0.0,0.0,0.0,0,0.0,,,0,ZRP clinic,"Excluded - restricted access (prison/police, not public)",False,False,False
720.0,1307.0,Matebeleland North,Hwange,26.51302,-18.34558,775.0,2007.0,ZRP Hwange,5,1992.0,Clinic,0.0,2.0,0.0,0.0,0.0,0.0,0.0,0.0,0.0,0.0,500.0,2.0,1.0,1.0,1.0,0.0,1.0,0.0,0.0,0.0,0.0,0.0,0.0,0.0,0.0,0.0,0.0,0,0.0,,,5,Clinic,"Excluded - restricted access (prison/police, not public)",False,False,False
728.0,1282.0,Matebeleland North,Hwange,25.8373,-17.92907,930.0,2007.0,ZRP Victoria Falls,5,2003.0,ZRP Clinic,0.0,0.0,1.0,0.0,0.0,0.0,0.0,0.0,0.0,0.0,160.0,3.0,1.0,1.0,1.0,0.0,1.0,0.0,0.0,1.0,0.0,0.0,0.0,1.0,1.0,0.0,0.0,0,0.0,Staffing problems -one nurse covers Victoria Falls and Hwange,,5,ZRP Clinic,"Excluded - restricted access (prison/police, not public)",False,False,False
906.0,1226.0,Mashonaland West,Makonde,30.17167,-17.35684,1161.0,2007.0,Chinhoyi ZRP Camp Clinic,5,0.0,Clinic,0.0,3.0,0.0,0.0,0.0,0.0,0.0,1.0,0.0,1.0,0.0,5.0,1.0,1.0,1.0,0.0,1.0,0.0,0.0,1.0,0.0,0.0,0.0,1.0,1.0,0.0,0.0,0,0.0,,,5,Clinic,"Excluded - restricted access (prison/police, not public)",False,False,False
993.0,1482.0,Mashonaland East,Marondera,31.55904,-18.18789,0.0,2007.0,ZRP,5,1994.0,Clinic,0.0,3.0,2.0,0.0,1.0,0.0,0.0,0.0,0.0,0.0,5200.0,2.0,0.0,1.0,1.0,0.0,1.0,0.0,0.0,1.0,0.0,0.0,0.0,1.0,1.0,0.0,0.0,0,0.0,,Clinic,5,Clinic,"Excluded - restricted access (prison/police, not public)",False,False,False
1118.0,1400.0,Mashonaland Central,Mt Darwin,31.57672,-16.77998,0.0,2007.0,ZRP,5,0.0,Clinic Private Clinic,0.0,0.0,2.0,0.0,0.0,0.0,0.0,0.0,0.0,0.0,329.0,2.0,0.0,0.0,1.0,0.0,1.0,0.0,0.0,1.0,0.0,0.0,1.0,1.0,1.0,0.0,0.0,0,0.0,,,5,Clinic Private Clinic,"Excluded - restricted access (prison/police, not public)",False,False,False
1686.0,,Harare,Chitungwiza,31.19056909,-17.81099549,,,ZRP Support Camp,,,,,,,,,,,,,,,,,,,,,,,,,,,,,,,,,,,,,"Excluded - restricted access (prison/police, not public)",False,False,False
