district,modeled_2020,census_2022_total,calib_factor,source
Beitbridge,101536.58443674445,94001.0,0.9257845388581197,census_2022_district
Beitbridge Urban,48099.38747501373,58574.0,1.2177701853360925,census_2022_district
Bikita,219819.37629950047,176835.0,0.8044559263923353,census_2022_district
Bindura,178853.37939167023,169841.0,0.9496102370426334,census_2022_district
Bindura Urban,54355.76565551758,51394.0,0.9455114720618983,census_2022_district
Binga,179835.91477672756,159982.0,0.8895998343747028,census_2022_district
Bubi,90519.87985223532,74084.0,0.8184279532952844,census_2022_district
Buhera,329825.39031004906,271920.0,0.8244362259205827,census_2022_district
Bulawayo,773393.4424152374,665952.0,0.8610778983595884,census_2022_district
Bulilima,109274.61934053898,85600.0,0.7833475011543133,census_2022_district
Centenary/ Muzarabani,167567.20677947998,134076.0,0.8001326904997902,census_2022_district
Chegutu,234709.7660794258,178911.0,0.7622648302561748,census_2022_district
Chegutu Urban,73321.45737457275,66260.0,0.9036918028170344,census_2022_district
Chikomba,170513.7530426979,123932.0,0.7268152731877675,census_2022_district
Chimanimani,185729.60452079773,153619.0,0.8271110057890527,census_2022_district
Chinhoyi,105503.31800079346,103657.0,0.9824999058249564,census_2022_district
Chipinge,401467.44665527344,375259.0,0.9347183766115469,census_2022_district
Chipinge Urban,38023.22039794922,34959.0,0.919411865542181,census_2022_district
Chiredzi,385744.8538198322,303503.0,0.7867972754388463,census_2022_district
Chiredzi Urban,28274.82290649414,40457.0,1.4308489264032795,census_2022_district
Chirumhanzu,108433.9740562439,95272.0,0.8786176180408469,census_2022_district
Chitungwiza,437421.7628326416,371246.0,0.8487140593917807,census_2022_district
Chivi,224313.5964384079,172979.0,0.7711480835157338,census_2022_district
Epworth,214459.28060913086,206368.0,0.9622712498794684,census_2022_district
Gokwe North,310357.27916669846,249723.0,0.8046307168000055,census_2022_district
Gokwe South,412136.5901145935,317554.0,0.7705066902982454,census_2022_district
Gokwe South Urban,29331.512329101562,33073.0,1.1275586348538287,census_2022_district
Goromonzi,335687.6328315735,386203.0,1.1504832535602283,census_2022_district
Guruve,168746.41048145294,153606.0,0.9102771404840221,census_2022_district
Gutu,273077.03414463997,208149.0,0.7622354646262574,census_2022_district
Gwanda,154193.28637766838,124548.0,0.8077394478443267,census_2022_district
Gwanda Urban,22108.395683288574,27143.0,1.2277236389665764,census_2022_district
Gweru,127835.9187886715,121712.0,0.9520954763989682,census_2022_district
Gweru Urban,202674.6569442749,161294.0,0.7958271765786067,census_2022_district
Harare,1974885.828277588,1849617.0,0.8571479527196103,harare+harare_rural_combined
Harare Rural,182987.84350967407,,0.8571479527196103,harare+harare_rural_combined
Hurungwe,482230.0016205162,390897.0,0.8106028216544077,census_2022_district
Hwange,91304.98371468484,69357.0,0.7596189953522232,census_2022_district
Hwange Urban,44410.4620244503,40241.0,0.9061153198056171,census_2022_district
Hwedza,99629.42248106003,74870.0,0.7514848338525008,census_2022_district
Insiza,127095.80111141503,122903.0,0.9670107031487254,census_2022_district
Kadoma Urban,130016.8666267395,117381.0,0.9028136352261485,census_2022_district
Kariba,69794.10715373978,45774.0,0.6558433350135247,census_2022_district
Kariba Urban,32491.712829589844,27910.0,0.8589882640653733,census_2022_district
Karoi,33452.60693359375,37564.0,1.1229020229893507,census_2022_district
Kwekwe,239513.56128920615,197062.0,0.8227592581367573,census_2022_district
Kwekwe Urban,132160.51118469238,119863.0,0.9069501844805459,census_2022_district
Lupane,129309.09172666073,107248.0,0.8293925706840904,census_2022_district
Makonde,223429.8572153598,209960.0,0.9397132622146535,census_2022_district
Makoni,367118.35920608044,288441.0,0.7856893908105663,census_2022_district
Mangwe,88133.02438634634,65562.0,0.7438982204059814,census_2022_district
Marondera,170914.26460313797,136173.0,0.7967327965058563,census_2022_district
Marondera Urban,80973.95069503784,66204.0,0.8175962693154978,census_2022_district
Masvingo,294667.18900454044,238103.0,0.8080404228389715,census_2022_district
Masvingo Urban,115366.25300598145,90286.0,0.7826032106227712,census_2022_district
Matobo,122155.83995938301,95694.0,0.7833763824293491,census_2022_district
Mazowe,326380.92819035053,293363.0,0.8988362206902789,census_2022_district
Mberengwa,248246.64695727825,208458.0,0.8397213116674014,census_2022_district
Mbire,113696.69359254837,83720.0,0.7363450717399488,census_2022_district
Mhondoro-Ngezi,160645.03578281403,140994.0,0.877674179677849,census_2022_district
Mount Darwin,295903.59702539444,240728.0,0.8135352270805303,census_2022_district
Mudzi,188592.8057384491,158478.0,0.8403183747092985,census_2022_district
Murehwa,287404.5782670975,205440.0,0.7148111600681453,census_2022_district
Mutare,358838.355717659,306760.0,0.854869595493757,census_2022_district
Mutare Urban,255653.5808429718,224804.0,0.8793305349322672,census_2022_district
Mutasa,216869.3978715241,197808.0,0.9121065578702982,census_2022_district
Mutoko,206341.0970067978,161091.0,0.780702450150747,census_2022_district
Mvurwi,1993.4840087890625,15646.0,7.848570608551873,census_2022_district
Mwenezi,237643.8817564845,209327.0,0.8808432115012285,census_2022_district
Nkayi,130534.98181962967,112471.0,0.8616157786378668,census_2022_district
Norton,89220.70393753052,87039.0,0.9755471113626488,census_2022_district
Nyanga,173068.34713363647,146227.0,0.8449089762617848,census_2022_district
Plumtree,14302.063015460968,14460.0,1.01104295124195,census_2022_district
Redcliff,45010.20652770996,41526.0,0.9225907455997796,census_2022_district
Rusape,34674.7293548584,37906.0,1.093188056698959,census_2022_district
Rushinga,100992.45054674149,76876.0,0.7612054127196382,census_2022_district
Ruwa,83860.603515625,94078.0,1.1218378601636378,census_2022_district
Sanyati,158777.46123552322,139235.0,0.8769191730145198,census_2022_district
Seke,195004.80231916904,200478.0,1.028066989200978,census_2022_district
Shamva,165412.23656463623,165641.0,1.0013829897963709,census_2022_district
Shurugwi,103746.3084294796,98315.0,0.9476481764826218,census_2022_district
Shurugwi Town,28743.139888763428,23304.0,0.8107673723256048,census_2022_district
Tsholotsho,147598.5994899273,115782.0,0.784438337491823,census_2022_district
Umguza,133220.7539191246,113265.0,0.8502053671664453,census_2022_district
Umzingwane,81295.92373800278,71860.0,0.8839311578719188,census_2022_district
Uzumba Maramba Pfungwe,157623.8979549408,124226.0,0.7881165331637205,census_2022_district
Victoria Falls,40041.65467834473,35215.0,0.8794591602890209,census_2022_district
Zaka,247285.39413964748,198889.0,0.8042893139401635,census_2022_district
Zvimba,344610.4857559204,348002.0,1.0098415874857671,census_2022_district
Zvishavane,97268.71917438507,85035.0,0.8742276111146047,census_2022_district
Zvishavane Urban,61161.31191635132,59714.0,0.976336153182411,census_2022_district
